fold_id,trial_type,model,C,brier,selected_C,bootstrap_models_completed,prediction_interval_mean_width,policy_id,kind,calibration,robust,dependent,lambda,alpha,beta
1.0,calibration_C,btc_only,0.1,0.2494021578218121,,,,,,,,,,,
1.0,calibration_C,btc_only,1.0,0.2493914711651822,,,,,,,,,,,
1.0,calibration_C,btc_only,10.0,0.24961414570395635,,,,,,,,,,,
1.0,calibration_C,btc_market,0.1,0.24940195577824775,,,,,,,,,,,
1.0,calibration_C,btc_market,1.0,0.24939053970296512,,,,,,,,,,,
1.0,calibration_C,btc_market,10.0,0.24961278566981077,,,,,,,,,,,
1.0,selected_calibration_model,btc_only,,,1.0,500.0,0.04251457268511491,,,,,,,,
1.0,selected_calibration_model,btc_market,,,1.0,500.0,0.04041227507900662,,,,,,,,
2.0,calibration_C,btc_only,0.1,0.25045882954438337,,,,,,,,,,,
2.0,calibration_C,btc_only,1.0,0.24998873982123862,,,,,,,,,,,
2.0,calibration_C,btc_only,10.0,0.2497674337568657,,,,,,,,,,,
2.0,calibration_C,btc_market,0.1,0.2504507915056893,,,,,,,,,,,
2.0,calibration_C,btc_market,1.0,0.24995925519344786,,,,,,,,,,,
2.0,calibration_C,btc_market,10.0,0.24973449786880167,,,,,,,,,,,
2.0,selected_calibration_model,btc_only,,,10.0,500.0,0.03732003770098947,,,,,,,,
2.0,selected_calibration_model,btc_market,,,10.0,500.0,0.04068845904078354,,,,,,,,
3.0,calibration_C,btc_only,0.1,0.24961133532290586,,,,,,,,,,,
3.0,calibration_C,btc_only,1.0,0.2493944632975432,,,,,,,,,,,
3.0,calibration_C,btc_only,10.0,0.24938435153593183,,,,,,,,,,,
3.0,calibration_C,btc_market,0.1,0.249569658762903,,,,,,,,,,,
3.0,calibration_C,btc_market,1.0,0.24917355705554622,,,,,,,,,,,
3.0,calibration_C,btc_market,10.0,0.24892262926698985,,,,,,,,,,,
3.0,selected_calibration_model,btc_only,,,10.0,500.0,0.03344840349283838,,,,,,,,
3.0,selected_calibration_model,btc_market,,,10.0,500.0,0.03383071525637532,,,,,,,,
,frozen_outer_policy,,,,,,,point_kelly_btc_only,portfolio_kelly,btc_only,False,True,,,
,frozen_outer_policy,,,,,,,drk_btc_only,drk,btc_only,True,True,,,
,frozen_outer_policy,,,,,,,point_kelly_btc_market,portfolio_kelly,btc_market,False,True,,,
,frozen_outer_policy,,,,,,,drk_btc_market,drk,btc_market,True,True,,,
,frozen_outer_policy,,,,,,,portfolio_kelly_independent,portfolio_kelly,btc_market,False,False,,,
,frozen_outer_policy,,,,,,,rck_alpha_0.5_correlated,rck,btc_market,False,True,3.321928094887362,0.5,0.1
,frozen_outer_policy,,,,,,,rck_alpha_0.5_independent,rck,btc_market,False,False,3.321928094887362,0.5,0.1
,frozen_outer_policy,,,,,,,rck_alpha_0.7_correlated,rck,btc_market,False,True,6.456008210160012,0.7,0.1
,frozen_outer_policy,,,,,,,rck_alpha_0.7_independent,rck,btc_market,False,False,6.456008210160012,0.7,0.1
,frozen_outer_policy,,,,,,,rck_alpha_0.8_correlated,rck,btc_market,False,True,10.31885115851617,0.8,0.1
,frozen_outer_policy,,,,,,,rck_alpha_0.8_independent,rck,btc_market,False,False,10.31885115851617,0.8,0.1
