policy_id,fold_id,evaluation_start_utc,evaluation_end_utc,eligible_markets,decisions,trades_entered,realized_pnl_on_block_entries_usd,cash_after_last_decision_usd,cost_basis_equity_after_last_decision_usd,open_positions_after_last_decision,mean_expected_log_growth_at_entry,starting_cost_basis_equity_usd,risk_constraint_changed_decisions
no_trade,1,2026-04-28T19:34:01+00:00,2026-05-05T14:39:01+00:00,891,891,0,0.0,100.0,100.0,0,,,
no_trade,2,2026-05-05T14:44:01+00:00,2026-05-11T23:49:01+00:00,891,891,0,0.0,100.0,100.0,0,,,
no_trade,3,2026-05-11T23:59:01+00:00,2026-05-18T10:04:01+00:00,891,891,0,0.0,100.0,100.0,0,,,
legacy_best_level_fixed_5,1,2026-04-28T19:34:01+00:00,2026-05-05T14:39:01+00:00,891,891,734,156.9126611485365,256.91266114853727,256.91266114853727,0,,,
legacy_best_level_fixed_5,2,2026-05-05T14:44:01+00:00,2026-05-11T23:49:01+00:00,891,891,755,-39.44977252439433,207.46288862414406,212.46288862414406,1,,,
legacy_best_level_fixed_5,3,2026-05-11T23:59:01+00:00,2026-05-18T10:04:01+00:00,891,891,755,343.6886203859613,561.1515090101066,566.1515090101066,1,,,
legacy_exact_fixed_5,1,2026-04-28T19:34:01+00:00,2026-05-05T14:39:01+00:00,891,891,750,161.69314862044834,261.6931486204492,261.6931486204492,0,,,
legacy_exact_fixed_5,2,2026-05-05T14:44:01+00:00,2026-05-11T23:49:01+00:00,891,891,767,-60.80335486502288,190.88979375542755,195.88979375542755,1,,,
legacy_exact_fixed_5,3,2026-05-11T23:59:01+00:00,2026-05-18T10:04:01+00:00,891,891,768,360.5341752417498,561.4239689971789,566.4239689971789,1,,,
fractional_kelly_half_10pct,1,2026-04-28T19:34:01+00:00,2026-05-05T14:39:01+00:00,891,891,125,18.469122473321022,118.469122473321,118.469122473321,0,,,
fractional_kelly_half_10pct,2,2026-05-05T14:44:01+00:00,2026-05-11T23:49:01+00:00,891,891,101,12.226638655462187,130.69576112878315,130.69576112878315,0,,,
fractional_kelly_half_10pct,3,2026-05-11T23:59:01+00:00,2026-05-18T10:04:01+00:00,891,891,303,178.95036593360751,309.64612706239114,309.64612706239114,0,,,
point_kelly_btc_only,1,2026-04-28T19:34:01+00:00,2026-05-05T14:39:01+00:00,891,891,648,-22.084207941522035,72.9157920584777,75.4657920584777,1,0.0012714249454828246,100.0,0.0
point_kelly_btc_only,2,2026-05-05T14:44:01+00:00,2026-05-11T23:49:01+00:00,891,891,423,35.64411105661425,108.35990311509217,110.95990311509216,1,0.0021465260260810424,75.4657920584777,0.0
point_kelly_btc_only,3,2026-05-11T23:59:01+00:00,2026-05-18T10:04:01+00:00,891,891,708,440.3086327317575,553.8685358468492,573.8685358468492,1,0.0015816765152979959,110.95990311509216,0.0
drk_btc_only,1,2026-04-28T19:34:01+00:00,2026-05-05T14:39:01+00:00,891,891,57,-56.89918367346938,43.100816326530634,43.100816326530634,0,0.0022796647736090065,100.0,0.0
drk_btc_only,2,2026-05-05T14:44:01+00:00,2026-05-11T23:49:01+00:00,891,891,49,1.896666666666674,44.99748299319736,44.99748299319736,0,0.0005376680355356635,43.100816326530634,0.0
drk_btc_only,3,2026-05-11T23:59:01+00:00,2026-05-18T10:04:01+00:00,891,891,159,40.613024209683886,85.61050720288148,88.16050720288148,1,0.0009221800899819066,44.99748299319736,0.0
point_kelly_btc_market,1,2026-04-28T19:34:01+00:00,2026-05-05T14:39:01+00:00,891,891,649,-27.725391443466613,67.27460855653361,69.8246085565336,1,0.0012478681669110822,100.0,0.0
point_kelly_btc_market,2,2026-05-05T14:44:01+00:00,2026-05-11T23:49:01+00:00,891,891,505,98.25716416158465,165.29177271811872,167.91177271811873,1,0.0018458468605543077,69.8246085565336,0.0
point_kelly_btc_market,3,2026-05-11T23:59:01+00:00,2026-05-18T10:04:01+00:00,891,891,670,241.55245772930567,412.084230447424,430.764230447424,1,0.0019590954932991,167.91177271811873,0.0
drk_btc_market,1,2026-04-28T19:34:01+00:00,2026-05-05T14:39:01+00:00,891,891,55,-46.839999999999996,53.16,53.16,0,0.001360261251808856,100.0,0.0
drk_btc_market,2,2026-05-05T14:44:01+00:00,2026-05-11T23:49:01+00:00,891,891,48,-7.499999999999992,45.660000000000124,45.660000000000124,0,0.00041866872058452317,53.16,0.0
drk_btc_market,3,2026-05-11T23:59:01+00:00,2026-05-18T10:04:01+00:00,891,891,182,5.271501750192103,50.93150175019246,50.93150175019246,0,0.0012109108704442368,45.660000000000124,0.0
portfolio_kelly_independent,1,2026-04-28T19:34:01+00:00,2026-05-05T14:39:01+00:00,891,891,647,-28.02109020289295,66.97890979710729,69.52890979710729,1,0.001256063887790838,100.0,0.0
portfolio_kelly_independent,2,2026-05-05T14:44:01+00:00,2026-05-11T23:49:01+00:00,891,891,507,107.5304841176916,173.98939391479908,176.74939391479907,1,0.001845622929299409,69.52890979710729,0.0
portfolio_kelly_independent,3,2026-05-11T23:59:01+00:00,2026-05-18T10:04:01+00:00,891,891,673,239.67896795087532,419.18836186567415,438.18836186567415,1,0.0019451566089841179,176.74939391479907,0.0
rck_alpha_0.5_correlated,1,2026-04-28T19:34:01+00:00,2026-05-05T14:39:01+00:00,891,891,40,-27.71746698679472,72.2825330132053,72.2825330132053,0,0.004077523692632971,100.0,605.0
rck_alpha_0.5_correlated,2,2026-05-05T14:44:01+00:00,2026-05-11T23:49:01+00:00,891,891,68,9.336946697724406,81.6194797109297,81.6194797109297,0,0.003342979046132158,72.2825330132053,518.0
rck_alpha_0.5_correlated,3,2026-05-11T23:59:01+00:00,2026-05-18T10:04:01+00:00,891,891,195,51.904019361009986,133.52349907193965,136.25349907193964,1,0.0031704572276475915,81.6194797109297,589.0
rck_alpha_0.5_independent,1,2026-04-28T19:34:01+00:00,2026-05-05T14:39:01+00:00,891,891,42,-32.0524649859944,67.9475350140057,67.9475350140057,0,0.003955392302797052,100.0,595.0
rck_alpha_0.5_independent,2,2026-05-05T14:44:01+00:00,2026-05-11T23:49:01+00:00,891,891,51,13.591674444168895,81.53920945817454,81.53920945817454,0,0.003456233565030671,67.9475350140057,506.0
rck_alpha_0.5_independent,3,2026-05-11T23:59:01+00:00,2026-05-18T10:04:01+00:00,891,891,188,48.342269427628544,129.88147888580298,132.54147888580297,1,0.003259880787190843,81.53920945817454,587.0
rck_alpha_0.7_correlated,1,2026-04-28T19:34:01+00:00,2026-05-05T14:39:01+00:00,891,891,3,-16.21,83.79,83.79,0,0.0207599080579869,100.0,625.0
rck_alpha_0.7_correlated,2,2026-05-05T14:44:01+00:00,2026-05-11T23:49:01+00:00,891,891,4,-0.3515686274509804,83.43843137254903,83.43843137254903,0,0.00351349952759405,83.79,546.0
rck_alpha_0.7_correlated,3,2026-05-11T23:59:01+00:00,2026-05-18T10:04:01+00:00,891,891,19,12.378825831955686,95.81725720450474,95.81725720450474,0,0.005694655706772941,83.43843137254903,570.0
rck_alpha_0.7_independent,1,2026-04-28T19:34:01+00:00,2026-05-05T14:39:01+00:00,891,891,3,-16.21,83.79,83.79,0,0.0207599080579869,100.0,625.0
rck_alpha_0.7_independent,2,2026-05-05T14:44:01+00:00,2026-05-11T23:49:01+00:00,891,891,4,-0.3515686274509804,83.43843137254903,83.43843137254903,0,0.00351349952759405,83.79,546.0
rck_alpha_0.7_independent,3,2026-05-11T23:59:01+00:00,2026-05-18T10:04:01+00:00,891,891,19,12.33921798881843,95.77764936136748,95.77764936136748,0,0.005701103765048796,83.43843137254903,570.0
rck_alpha_0.8_correlated,1,2026-04-28T19:34:01+00:00,2026-05-05T14:39:01+00:00,891,891,3,-10.86,89.13999999999999,89.13999999999999,0,0.014451151525649462,100.0,625.0
rck_alpha_0.8_correlated,2,2026-05-05T14:44:01+00:00,2026-05-11T23:49:01+00:00,891,891,0,0.0,89.13999999999999,89.13999999999999,0,,89.13999999999999,575.0
rck_alpha_0.8_correlated,3,2026-05-11T23:59:01+00:00,2026-05-18T10:04:01+00:00,891,891,1,4.91076923076923,94.0507692307692,94.0507692307692,0,0.025858763343845848,89.13999999999999,587.0
rck_alpha_0.8_independent,1,2026-04-28T19:34:01+00:00,2026-05-05T14:39:01+00:00,891,891,3,-10.86,89.13999999999999,89.13999999999999,0,0.014451151525649462,100.0,625.0
rck_alpha_0.8_independent,2,2026-05-05T14:44:01+00:00,2026-05-11T23:49:01+00:00,891,891,0,0.0,89.13999999999999,89.13999999999999,0,,89.13999999999999,575.0
rck_alpha_0.8_independent,3,2026-05-11T23:59:01+00:00,2026-05-18T10:04:01+00:00,891,891,1,4.91076923076923,94.0507692307692,94.0507692307692,0,0.025858763343845848,89.13999999999999,587.0
