trial,objective_mean_plus_0_5_std,mean_logloss,std_logloss,history_mode,decision_weight,median_best_iteration,param_learning_rate,param_num_leaves,param_min_data_in_leaf,param_feature_fraction,param_bagging_fraction,param_lambda_l1,param_lambda_l2,param_min_gain_to_split,param_extra_trees
0,0.6924387638149858,0.6923747508757958,0.00012802587838006696,half_life_365d,0.23,59,0.03823964677921044,102,1544,0.7792160671470563,0.763570949619798,0.009748805117730441,0.1023487477040617,0.24707818680245164,True
1,0.6924979335215493,0.692459648318112,7.657040687464312e-05,last_1y,1.0,175,0.024464470685298185,78,1405,0.6983619734781941,0.7334060046782278,29.435019579689165,0.03166056750278958,0.7109168231177728,True
2,0.6925258227611895,0.6924285724817696,0.00019450055883962758,half_life_365d,0.5,229,0.0704502518591503,117,215,0.8753127398445392,0.6649242533597323,73.90248608355374,0.0019050754170017207,0.9723343902528986,True
3,0.6925116804357575,0.6924924145746663,3.853172218243328e-05,last_3y,0.5,32,0.050384140769571574,94,2023,0.8644103573450945,0.8462343309233897,8.514488981526142,35.49062135661562,0.5582875698509017,True
4,0.6925606833104732,0.6924516714189553,0.0002180237830358145,half_life_365d,0.5,131,0.05912735337362325,32,391,0.8536654590741579,0.7487428482331211,84.800924894268,4.43464175018336,0.5526378518482739,True
5,0.6925270467219313,0.6924606996071919,0.0001326942294788136,last_1y,0.5,462,0.025761708853534557,127,2495,0.614401046224577,0.9101112901076924,65.3144785659634,0.006074429938599524,0.9002675873149408,True
6,0.6924433175846577,0.6924019885922648,8.265798478596098e-05,all_history,0.23,94,0.03593924621427703,53,13980,0.7502651046479871,0.8115017217522665,0.0013602851879575882,0.40086265264754356,0.06631995248218481,False
7,0.692458326916556,0.6923839755335564,0.00014870276599920906,half_life_365d,0.23,52,0.037952824866915015,100,8750,0.746044653419701,0.6675322949884989,0.006130606244094575,0.20235517199066844,0.14077361390112458,False
8,0.6924053029201042,0.6923678755286287,7.485478295105041e-05,last_3y,0.23,103,0.03160897816053476,62,686,0.9454257900487109,0.9367897543403904,0.06700615341939592,0.7660994037649935,0.2868081670860422,False
9,0.6925944623822229,0.6925676591805596,5.3606403326467156e-05,last_3y,1.0,113,0.020098756553354268,18,558,0.9479929326535078,0.9450543522005854,0.27104726562645165,1.613462062762836,0.3190683774451446,False
10,0.6924846751745584,0.6924171201123855,0.00013511012434563874,last_3y,0.23,60,0.031401846699256865,59,165,0.5899562845795314,0.8705750892739292,0.2589326788900711,76.89657801183733,0.2926144531863857,False
11,0.6924554100237716,0.6924218848689854,6.70503095725472e-05,all_history,0.23,36,0.046129981334249004,83,809,0.7949948393517892,0.758431577816968,0.030223428468099774,0.12126951804411308,0.30904974669926083,False
12,0.6924854274357505,0.6924419846257568,8.688561998737576e-05,half_life_365d,0.23,62,0.03188274100334284,58,4274,0.9198968383709727,0.8095997471147753,0.030865211469305792,2.9722931677359865,0.19861880882704042,False
13,0.6924103567607509,0.6923514140233091,0.00011788547488367218,last_3y,0.23,230,0.044012127516476325,105,968,0.6828116605082506,0.713298444553187,0.03767712426795488,0.029943959242319258,0.44143621258010146,True
14,0.6924371120632957,0.6923797670195531,0.00011469008748543619,last_3y,0.23,141,0.047581816331632255,46,350,0.6498139351625798,0.6979593429774159,1.1887163393772242,0.018097077212885435,0.5006313231702213,True
15,0.6924576105323516,0.6924070572999403,0.00010110646482247576,last_3y,0.23,31,0.05910829560612102,69,836,0.5546324504542924,0.8826079850893364,0.07230668242937704,0.9090540275790613,0.6992569804507213,False
