trial_id,family,parameters_json,status,validation_score,reason
no_trade,no_trade,"{""stake_usd"": 0.0}",not_run_input_depth_gate,,Per-entry ask-level ladders and historical minimum-order sizes are absent; variable stakes cannot be priced and validated without assumptions.
baseline_fixed_5_positive_ev,current_fixed_stake_baseline,"{""min_expected_return"": 0.0, ""stake_usd"": 5.0}",not_run_input_depth_gate,,Per-entry ask-level ladders and historical minimum-order sizes are absent; variable stakes cannot be priced and validated without assumptions.
fixed_1_roi_0,fixed_stake_expected_net_profit,"{""min_expected_return"": 0.0, ""stake_usd"": 1.0}",not_run_input_depth_gate,,Per-entry ask-level ladders and historical minimum-order sizes are absent; variable stakes cannot be priced and validated without assumptions.
fixed_1_roi_0.02,fixed_stake_expected_net_profit,"{""min_expected_return"": 0.02, ""stake_usd"": 1.0}",not_run_input_depth_gate,,Per-entry ask-level ladders and historical minimum-order sizes are absent; variable stakes cannot be priced and validated without assumptions.
fixed_1_roi_0.05,fixed_stake_expected_net_profit,"{""min_expected_return"": 0.05, ""stake_usd"": 1.0}",not_run_input_depth_gate,,Per-entry ask-level ladders and historical minimum-order sizes are absent; variable stakes cannot be priced and validated without assumptions.
fixed_2.5_roi_0,fixed_stake_expected_net_profit,"{""min_expected_return"": 0.0, ""stake_usd"": 2.5}",not_run_input_depth_gate,,Per-entry ask-level ladders and historical minimum-order sizes are absent; variable stakes cannot be priced and validated without assumptions.
fixed_2.5_roi_0.02,fixed_stake_expected_net_profit,"{""min_expected_return"": 0.02, ""stake_usd"": 2.5}",not_run_input_depth_gate,,Per-entry ask-level ladders and historical minimum-order sizes are absent; variable stakes cannot be priced and validated without assumptions.
fixed_2.5_roi_0.05,fixed_stake_expected_net_profit,"{""min_expected_return"": 0.05, ""stake_usd"": 2.5}",not_run_input_depth_gate,,Per-entry ask-level ladders and historical minimum-order sizes are absent; variable stakes cannot be priced and validated without assumptions.
fixed_5_roi_0.02,fixed_stake_expected_net_profit,"{""min_expected_return"": 0.02, ""stake_usd"": 5.0}",not_run_input_depth_gate,,Per-entry ask-level ladders and historical minimum-order sizes are absent; variable stakes cannot be priced and validated without assumptions.
fixed_5_roi_0.05,fixed_stake_expected_net_profit,"{""min_expected_return"": 0.05, ""stake_usd"": 5.0}",not_run_input_depth_gate,,Per-entry ask-level ladders and historical minimum-order sizes are absent; variable stakes cannot be priced and validated without assumptions.
free_cash_0.01_roi_0,free_cash_fraction,"{""fraction_of_free_cash"": 0.01, ""max_gross_stake_usd"": 5.0, ""min_expected_return"": 0.0}",not_run_input_depth_gate,,Per-entry ask-level ladders and historical minimum-order sizes are absent; variable stakes cannot be priced and validated without assumptions.
free_cash_0.01_roi_0.02,free_cash_fraction,"{""fraction_of_free_cash"": 0.01, ""max_gross_stake_usd"": 5.0, ""min_expected_return"": 0.02}",not_run_input_depth_gate,,Per-entry ask-level ladders and historical minimum-order sizes are absent; variable stakes cannot be priced and validated without assumptions.
free_cash_0.01_roi_0.05,free_cash_fraction,"{""fraction_of_free_cash"": 0.01, ""max_gross_stake_usd"": 5.0, ""min_expected_return"": 0.05}",not_run_input_depth_gate,,Per-entry ask-level ladders and historical minimum-order sizes are absent; variable stakes cannot be priced and validated without assumptions.
free_cash_0.025_roi_0,free_cash_fraction,"{""fraction_of_free_cash"": 0.025, ""max_gross_stake_usd"": 5.0, ""min_expected_return"": 0.0}",not_run_input_depth_gate,,Per-entry ask-level ladders and historical minimum-order sizes are absent; variable stakes cannot be priced and validated without assumptions.
free_cash_0.025_roi_0.02,free_cash_fraction,"{""fraction_of_free_cash"": 0.025, ""max_gross_stake_usd"": 5.0, ""min_expected_return"": 0.02}",not_run_input_depth_gate,,Per-entry ask-level ladders and historical minimum-order sizes are absent; variable stakes cannot be priced and validated without assumptions.
free_cash_0.025_roi_0.05,free_cash_fraction,"{""fraction_of_free_cash"": 0.025, ""max_gross_stake_usd"": 5.0, ""min_expected_return"": 0.05}",not_run_input_depth_gate,,Per-entry ask-level ladders and historical minimum-order sizes are absent; variable stakes cannot be priced and validated without assumptions.
free_cash_0.05_roi_0,free_cash_fraction,"{""fraction_of_free_cash"": 0.05, ""max_gross_stake_usd"": 5.0, ""min_expected_return"": 0.0}",not_run_input_depth_gate,,Per-entry ask-level ladders and historical minimum-order sizes are absent; variable stakes cannot be priced and validated without assumptions.
free_cash_0.05_roi_0.02,free_cash_fraction,"{""fraction_of_free_cash"": 0.05, ""max_gross_stake_usd"": 5.0, ""min_expected_return"": 0.02}",not_run_input_depth_gate,,Per-entry ask-level ladders and historical minimum-order sizes are absent; variable stakes cannot be priced and validated without assumptions.
free_cash_0.05_roi_0.05,free_cash_fraction,"{""fraction_of_free_cash"": 0.05, ""max_gross_stake_usd"": 5.0, ""min_expected_return"": 0.05}",not_run_input_depth_gate,,Per-entry ask-level ladders and historical minimum-order sizes are absent; variable stakes cannot be priced and validated without assumptions.
fractional_kelly_0.25_roi_0,fractional_kelly,"{""kelly_multiplier"": 0.25, ""max_gross_stake_usd"": 5.0, ""min_expected_return"": 0.0, ""stake_grid_usd"": 0.01}",not_run_input_depth_gate,,Per-entry ask-level ladders and historical minimum-order sizes are absent; variable stakes cannot be priced and validated without assumptions.
fractional_kelly_0.25_roi_0.02,fractional_kelly,"{""kelly_multiplier"": 0.25, ""max_gross_stake_usd"": 5.0, ""min_expected_return"": 0.02, ""stake_grid_usd"": 0.01}",not_run_input_depth_gate,,Per-entry ask-level ladders and historical minimum-order sizes are absent; variable stakes cannot be priced and validated without assumptions.
fractional_kelly_0.25_roi_0.05,fractional_kelly,"{""kelly_multiplier"": 0.25, ""max_gross_stake_usd"": 5.0, ""min_expected_return"": 0.05, ""stake_grid_usd"": 0.01}",not_run_input_depth_gate,,Per-entry ask-level ladders and historical minimum-order sizes are absent; variable stakes cannot be priced and validated without assumptions.
fractional_kelly_0.5_roi_0,fractional_kelly,"{""kelly_multiplier"": 0.5, ""max_gross_stake_usd"": 5.0, ""min_expected_return"": 0.0, ""stake_grid_usd"": 0.01}",not_run_input_depth_gate,,Per-entry ask-level ladders and historical minimum-order sizes are absent; variable stakes cannot be priced and validated without assumptions.
fractional_kelly_0.5_roi_0.02,fractional_kelly,"{""kelly_multiplier"": 0.5, ""max_gross_stake_usd"": 5.0, ""min_expected_return"": 0.02, ""stake_grid_usd"": 0.01}",not_run_input_depth_gate,,Per-entry ask-level ladders and historical minimum-order sizes are absent; variable stakes cannot be priced and validated without assumptions.
fractional_kelly_0.5_roi_0.05,fractional_kelly,"{""kelly_multiplier"": 0.5, ""max_gross_stake_usd"": 5.0, ""min_expected_return"": 0.05, ""stake_grid_usd"": 0.01}",not_run_input_depth_gate,,Per-entry ask-level ladders and historical minimum-order sizes are absent; variable stakes cannot be priced and validated without assumptions.
