sample_scope,sample_markets,model,baseline_probability,entry_case,max_ask_age_seconds,settlement_release_delay_seconds,initial_cash_usd,ending_cash_usd,net_pnl_usd,max_drawdown_at_cost,trade_count,gross_turnover_usd,fees_paid_usd,data_rejections,skip_no_positive_expected_edge,reject_insufficient_balance
all_archived_markets,9407,candidate_platt,,prestart_c0_o1,30,60,100.0,418.15712110436965,318.15712110436965,0.40669364431226174,1076,5380.0,0.5,7076,1255,0
all_archived_markets,9407,original_v1_platt,,prestart_c0_o1,30,60,100.0,4.886034926791574,-95.11396507320842,0.9674528159387579,287,1435.0,0.0,7076,1208,836
all_archived_markets,9407,candidate_raw,,prestart_c0_o1,30,60,100.0,455.5336984406747,355.5336984406747,0.31415746435947767,1059,5295.0,0.5,7076,1272,0
all_archived_markets,9407,original_v1_raw,,prestart_c0_o1,30,60,100.0,0.5709395761897937,-99.4290604238102,0.9960994741981313,373,1865.0,28.317186840000012,7076,1035,923
all_archived_markets,9407,no_btc_constant_0_5,0.5,prestart_c0_o1,30,60,100.0,47.914784580498775,-52.085215419501225,0.9296776815313872,119,595.0,0.0,7076,2212,0
all_archived_markets,9407,no_btc_development_prevalence_0_5015364895,0.5015364895,prestart_c0_o1,30,60,100.0,2.4556009070294635,-97.54439909297054,0.9754940031681377,52,260.0,0.0,7076,2173,106
shared_eligible_markets,2331,candidate_platt,,prestart_c0_o1,30,60,100.0,418.15712110436965,318.15712110436965,0.40669364431226174,1076,5380.0,0.5,0,1255,0
shared_eligible_markets,2331,original_v1_platt,,prestart_c0_o1,30,60,100.0,4.886034926791574,-95.11396507320842,0.9674528159387579,287,1435.0,0.0,0,1208,836
shared_eligible_markets,2331,candidate_raw,,prestart_c0_o1,30,60,100.0,455.5336984406747,355.5336984406747,0.31415746435947767,1059,5295.0,0.5,0,1272,0
shared_eligible_markets,2331,original_v1_raw,,prestart_c0_o1,30,60,100.0,0.5709395761897937,-99.4290604238102,0.9960994741981313,373,1865.0,28.317186840000012,0,1035,923
shared_eligible_markets,2331,no_btc_constant_0_5,0.5,prestart_c0_o1,30,60,100.0,47.914784580498775,-52.085215419501225,0.9296776815313872,119,595.0,0.0,0,2212,0
shared_eligible_markets,2331,no_btc_development_prevalence_0_5015364895,0.5015364895,prestart_c0_o1,30,60,100.0,2.4556009070294635,-97.54439909297054,0.9754940031681377,52,260.0,0.0,0,2173,106
