policy,rank,condition_id,market_start_utc,entry_time_utc,cash_release_at_utc,chosen_side,gross_usd,net_pnl_usd,contribution_events,drawdown_window_contribution_usd
fixed_5_usd,1,0x9ed1da23efe51ddee450c3c5c1322376384fb942f1067b84ef4bd4e324740e3e,2026-09-22 22:20:00+00:00,2026-09-22 22:19:01+00:00,2026-09-22 22:26:53+00:00,up,5.000000000000001,-5.000000000000001,"[{'event': 'cash_fee_at_entry', 'contribution_usd': -0.0}, {'event': 'settlement_payout_minus_locked_cost', 'contribution_usd': -5.000000000000001}]",-5.000000000000001
fixed_5_usd,2,0xee63e71cef6096afdaebac36d53a6b2383fa78b5f768f5eda235510b59bee62d,2026-09-29 15:25:00+00:00,2026-09-29 15:24:01+00:00,2026-09-29 15:31:53+00:00,up,5.000000000000001,-5.000000000000001,"[{'event': 'cash_fee_at_entry', 'contribution_usd': -0.0}, {'event': 'settlement_payout_minus_locked_cost', 'contribution_usd': -5.000000000000001}]",-5.000000000000001
fixed_5_usd,3,0x3678b56b4fb9f9e4e0530935751fdd916033cb32b6f16cfbc552c9c44a705255,2026-10-01 05:10:00+00:00,2026-10-01 05:09:01+00:00,2026-10-01 05:16:54+00:00,down,5.000000000000001,-5.000000000000001,"[{'event': 'cash_fee_at_entry', 'contribution_usd': -0.0}, {'event': 'settlement_payout_minus_locked_cost', 'contribution_usd': -5.000000000000001}]",-5.000000000000001
fixed_5_usd,4,0xa40e09f8ff8ee72ef1c75466f45db467e177e01e3be51d104f52060cbd994527,2026-10-01 05:20:00+00:00,2026-10-01 05:19:01+00:00,2026-10-01 05:26:53+00:00,down,5.000000000000001,-5.000000000000001,"[{'event': 'cash_fee_at_entry', 'contribution_usd': -0.0}, {'event': 'settlement_payout_minus_locked_cost', 'contribution_usd': -5.000000000000001}]",-5.000000000000001
fixed_5_usd,5,0x13e8ab5af668745d535fbfbdb39a935ea0f60bd3e53018a10bd49530dba1484d,2026-10-01 07:25:00+00:00,2026-10-01 07:24:01+00:00,2026-10-01 07:32:27+00:00,up,5.000000000000001,-5.000000000000001,"[{'event': 'cash_fee_at_entry', 'contribution_usd': -0.0}, {'event': 'settlement_payout_minus_locked_cost', 'contribution_usd': -5.000000000000001}]",-5.000000000000001
fixed_5_usd,6,0x49bdb10a1b0326c1a34f186e39c0a59d61a4c6cb30808b8414be396e23dbc0ae,2026-10-03 12:45:00+00:00,2026-10-03 12:44:01+00:00,2026-10-03 12:51:53+00:00,down,5.000000000000001,-5.000000000000001,"[{'event': 'cash_fee_at_entry', 'contribution_usd': -0.0}, {'event': 'settlement_payout_minus_locked_cost', 'contribution_usd': -5.000000000000001}]",-5.000000000000001
fixed_5_usd,7,0xfc950bdd93ef50de619bf23d5e99b178bd28b0d068a6a88521add40aa3cc07c5,2026-10-05 04:25:00+00:00,2026-10-05 04:24:01+00:00,2026-10-05 04:31:55+00:00,up,5.000000000000001,-5.000000000000001,"[{'event': 'cash_fee_at_entry', 'contribution_usd': -0.0}, {'event': 'settlement_payout_minus_locked_cost', 'contribution_usd': -5.000000000000001}]",-5.000000000000001
fixed_5_usd,8,0x10651bb97308accaa1c7f9fedab3998876cf3a0bcddf778ef7429568e6c7430f,2026-10-05 04:35:00+00:00,2026-10-05 04:34:01+00:00,2026-10-05 04:42:28+00:00,up,5.000000000000001,-5.000000000000001,"[{'event': 'cash_fee_at_entry', 'contribution_usd': -0.0}, {'event': 'settlement_payout_minus_locked_cost', 'contribution_usd': -5.000000000000001}]",-5.000000000000001
fixed_5_usd,9,0xc70d1e53d3075937fc417a1594fdba2aca784294a79d99d20f86de4c80e78ddc,2026-10-05 15:05:00+00:00,2026-10-05 15:04:01+00:00,2026-10-05 15:11:53+00:00,up,5.000000000000001,-5.000000000000001,"[{'event': 'cash_fee_at_entry', 'contribution_usd': -0.0}, {'event': 'settlement_payout_minus_locked_cost', 'contribution_usd': -5.000000000000001}]",-5.000000000000001
fixed_5_usd,10,0x39e92b8822061d33235714e77b91996955ec922e008b1dd301a6b65e3eb92b17,2026-10-06 06:05:00+00:00,2026-10-06 06:04:01+00:00,2026-10-06 06:11:52+00:00,up,5.000000000000001,-5.000000000000001,"[{'event': 'cash_fee_at_entry', 'contribution_usd': -0.0}, {'event': 'settlement_payout_minus_locked_cost', 'contribution_usd': -5.000000000000001}]",-5.000000000000001
free_cash_5pct,1,0x1bc7565ee1a546ece1cb7911fda2b43db2243bf4acd870181a65d3b2b62892f1,2026-06-09 22:50:00+00:00,2026-06-09 22:49:01+00:00,2026-06-09 22:56:18+00:00,up,268.8782282576978,-268.8782282576978,"[{'event': 'cash_fee_at_entry', 'contribution_usd': -0.0}, {'event': 'settlement_payout_minus_locked_cost', 'contribution_usd': -268.8782282576978}]",-268.8782282576978
free_cash_5pct,2,0xc35b49887163093559195d0eb493f4c2482d31924480289b282ac91358a77925,2026-06-09 22:55:00+00:00,2026-06-09 22:54:01+00:00,2026-06-09 23:01:18+00:00,up,255.43431684481294,-255.43431684481294,"[{'event': 'cash_fee_at_entry', 'contribution_usd': -0.0}, {'event': 'settlement_payout_minus_locked_cost', 'contribution_usd': -255.43431684481294}]",-255.43431684481294
free_cash_5pct,3,0x022628b9b710f8f9f1dba9d92bb45eaf38c0fc5ab47e303e3130352f7cccd92f,2026-06-09 23:10:00+00:00,2026-06-09 23:09:01+00:00,2026-06-09 23:16:21+00:00,up,247.89772479147746,-247.89772479147746,"[{'event': 'cash_fee_at_entry', 'contribution_usd': -0.0}, {'event': 'settlement_payout_minus_locked_cost', 'contribution_usd': -247.89772479147746}]",-247.89772479147746
free_cash_5pct,4,0x7dda97925d245d79850c6348c07a511d4f550f833cadadaa730e2fe90a168510,2026-06-09 23:30:00+00:00,2026-06-09 23:29:01+00:00,2026-06-09 23:36:21+00:00,up,235.5028385519036,-235.5028385519036,"[{'event': 'cash_fee_at_entry', 'contribution_usd': -0.0}, {'event': 'settlement_payout_minus_locked_cost', 'contribution_usd': -235.5028385519036}]",-235.5028385519036
free_cash_5pct,5,0x116caad3ab7b8140a3dcb38b48a46ed3334deee692ed33f2aa19b0dc3b96e065,2026-06-10 01:45:00+00:00,2026-06-10 01:44:01+00:00,2026-06-10 01:51:25+00:00,down,231.57632342582264,-231.57632342582264,"[{'event': 'cash_fee_at_entry', 'contribution_usd': -0.0}, {'event': 'settlement_payout_minus_locked_cost', 'contribution_usd': -231.57632342582264}]",-231.57632342582264
free_cash_5pct,6,0x5a894daaac7e860acd9741f51c5b6d90ed22c966a05eed2f83a27d8aff4b7584,2026-06-09 23:05:00+00:00,2026-06-09 23:04:01+00:00,2026-06-09 23:11:19+00:00,up,230.52947095244366,-230.52947095244366,"[{'event': 'cash_fee_at_entry', 'contribution_usd': -0.0}, {'event': 'settlement_payout_minus_locked_cost', 'contribution_usd': -230.52947095244366}]",-230.52947095244366
free_cash_5pct,7,0xba38e38b9ffaf8c3cdcc6abbf55b77e772da15ad207293f5a1e6edab55e50eab,2026-06-09 23:45:00+00:00,2026-06-09 23:44:01+00:00,2026-06-09 23:51:18+00:00,up,223.72769662430844,-223.72769662430844,"[{'event': 'cash_fee_at_entry', 'contribution_usd': -0.0}, {'event': 'settlement_payout_minus_locked_cost', 'contribution_usd': -223.72769662430844}]",-223.72769662430844
free_cash_5pct,8,0x89f9fdba8e82537c24aeaf30b1fe52ad69f4d0de08c73c1d82e39b4792e8945a,2026-06-10 00:05:00+00:00,2026-06-10 00:04:01+00:00,2026-06-10 00:11:21+00:00,down,221.818635865944,-221.818635865944,"[{'event': 'cash_fee_at_entry', 'contribution_usd': -0.0}, {'event': 'settlement_payout_minus_locked_cost', 'contribution_usd': -221.818635865944}]",-221.818635865944
free_cash_5pct,9,0xbcfddacac49a1ce52745a4dc8b9fb656fa0d09485df88cdfd766566a2ac39859,2026-06-10 02:00:00+00:00,2026-06-10 01:59:01+00:00,2026-06-10 02:06:19+00:00,up,219.99750725453146,-219.99750725453146,"[{'event': 'cash_fee_at_entry', 'contribution_usd': -0.0}, {'event': 'settlement_payout_minus_locked_cost', 'contribution_usd': -219.99750725453146}]",-219.99750725453146
free_cash_5pct,10,0x46b34bf3bd61c8c61fd229b51cc80cc521a38ce864ed164d6cb46d55503acb4b,2026-06-10 02:10:00+00:00,2026-06-10 02:09:01+00:00,2026-06-10 02:16:21+00:00,up,208.9976318918049,-208.9976318918049,"[{'event': 'cash_fee_at_entry', 'contribution_usd': -0.0}, {'event': 'settlement_payout_minus_locked_cost', 'contribution_usd': -208.9976318918049}]",-208.9976318918049
cost_basis_equity_5pct,1,0x925b68c7f6ad8083a4db45fc55107597eaba0c0953e54ae4bec2cae42934b9f4,2026-05-26 18:20:00+00:00,2026-05-26 18:19:01+00:00,2026-05-26 18:26:15+00:00,down,208.40494189398493,-208.40494189398493,"[{'event': 'settlement_payout_minus_locked_cost', 'contribution_usd': -208.40494189398493}]",-208.40494189398493
cost_basis_equity_5pct,2,0x8655243623a97e387756b4aefcdf27d389fc4a8d648b77953b27c180e586ef61,2026-05-26 18:35:00+00:00,2026-05-26 18:34:01+00:00,2026-05-26 18:41:17+00:00,up,207.99630475301635,-207.99630475301635,"[{'event': 'cash_fee_at_entry', 'contribution_usd': -0.0}, {'event': 'settlement_payout_minus_locked_cost', 'contribution_usd': -207.99630475301635}]",-207.99630475301635
cost_basis_equity_5pct,3,0xc7fd19a13299e5d758f132331f29325ba473569bd5142748c1186a8eaadaee00,2026-05-26 18:40:00+00:00,2026-05-26 18:39:01+00:00,2026-05-26 18:46:26+00:00,up,207.99630475301635,-207.99630475301635,"[{'event': 'cash_fee_at_entry', 'contribution_usd': -0.0}, {'event': 'settlement_payout_minus_locked_cost', 'contribution_usd': -207.99630475301635}]",-207.99630475301635
cost_basis_equity_5pct,4,0x277293676b9b86605b1d0f8293c8a10f7e007c877e9e8337495bc4e48e7a5b6a,2026-05-26 18:45:00+00:00,2026-05-26 18:44:01+00:00,2026-05-26 18:51:15+00:00,down,197.59648951536553,-197.59648951536553,"[{'event': 'cash_fee_at_entry', 'contribution_usd': -0.0}, {'event': 'settlement_payout_minus_locked_cost', 'contribution_usd': -197.59648951536553}]",-197.59648951536553
cost_basis_equity_5pct,5,0x278aa9f472f370bb021140440bd92c4d4887d6c18603746a8b050940be7c6e36,2026-05-28 13:50:00+00:00,2026-05-28 13:49:01+00:00,2026-05-28 13:56:18+00:00,down,193.2237737949168,-193.2237737949168,"[{'event': 'cash_fee_at_entry', 'contribution_usd': -0.0}, {'event': 'settlement_payout_minus_locked_cost', 'contribution_usd': -193.2237737949168}]",-193.2237737949168
cost_basis_equity_5pct,6,0x1849345b018ec73c119a07d2b97d4e299221b62812ed3c61eae1968b2b300d57,2026-05-28 14:50:00+00:00,2026-05-28 14:49:01+00:00,2026-05-28 14:56:18+00:00,down,191.16815180076776,-191.16815180076776,"[{'event': 'cash_fee_at_entry', 'contribution_usd': -0.0}, {'event': 'settlement_payout_minus_locked_cost', 'contribution_usd': -191.16815180076776}]",-191.16815180076776
cost_basis_equity_5pct,7,0x351247970042fa0f86bab34c19711b4e2587c29ec2ff48ac1263a84b06582709,2026-05-28 15:25:00+00:00,2026-05-28 15:24:01+00:00,2026-05-28 15:31:18+00:00,down,191.06086355230818,-191.06086355230818,"[{'event': 'cash_fee_at_entry', 'contribution_usd': -0.0}, {'event': 'settlement_payout_minus_locked_cost', 'contribution_usd': -191.06086355230818}]",-191.06086355230818
cost_basis_equity_5pct,8,0xd0b4294a2bcd708335e41038f9bee26e66cae7c2b86aaf78371bc66e61f2f0b6,2026-05-27 10:15:00+00:00,2026-05-27 10:14:01+00:00,2026-05-27 10:21:18+00:00,down,190.31237981892198,-190.31237981892198,"[{'event': 'cash_fee_at_entry', 'contribution_usd': -0.0}, {'event': 'settlement_payout_minus_locked_cost', 'contribution_usd': -190.31237981892198}]",-190.31237981892198
cost_basis_equity_5pct,9,0x68153964498c15eb1f64bfa5d79827cc88eef2aafead0d25f7327111c7796857,2026-05-28 15:35:00+00:00,2026-05-28 15:34:01+00:00,2026-05-28 15:41:17+00:00,down,190.23221004756115,-190.23221004756115,"[{'event': 'cash_fee_at_entry', 'contribution_usd': -0.0}, {'event': 'settlement_payout_minus_locked_cost', 'contribution_usd': -190.23221004756115}]",-190.23221004756115
cost_basis_equity_5pct,10,0x9779729f4887fe77110075458488181d2bb6797561e4951f783cdee827c91719,2026-05-28 15:40:00+00:00,2026-05-28 15:39:01+00:00,2026-05-28 15:46:18+00:00,down,190.23221004756113,-190.23221004756113,"[{'event': 'cash_fee_at_entry', 'contribution_usd': -0.0}, {'event': 'settlement_payout_minus_locked_cost', 'contribution_usd': -190.23221004756113}]",-190.23221004756113
free_cash_5pct_cap20_control,1,0x3b8b6ec02c4b77a6fc5881e77b2c6005015cc9f3d553cc9e0b2e1c52ac858b0c,2026-07-06 13:00:00+00:00,2026-07-06 12:59:01+00:00,2026-07-06 13:06:20+00:00,up,20.000000000000004,-20.000000000000004,"[{'event': 'settlement_payout_minus_locked_cost', 'contribution_usd': -20.000000000000004}]",-20.000000000000004
free_cash_5pct_cap20_control,2,0x7c1787f9d517cc044dfe63755080ff3d135968470a2d6a149e290242a674e263,2026-07-08 08:35:00+00:00,2026-07-08 08:34:01+00:00,2026-07-08 08:41:19+00:00,up,20.000000000000004,-20.000000000000004,"[{'event': 'cash_fee_at_entry', 'contribution_usd': -0.0}, {'event': 'settlement_payout_minus_locked_cost', 'contribution_usd': -20.000000000000004}]",-20.000000000000004
free_cash_5pct_cap20_control,3,0x8f14021ff2b6c57f02bcbebbd816629287719f3285852fc2798b96848257a6aa,2026-07-08 13:10:00+00:00,2026-07-08 13:09:01+00:00,2026-07-08 13:16:53+00:00,up,20.000000000000004,-20.000000000000004,"[{'event': 'cash_fee_at_entry', 'contribution_usd': -0.0}, {'event': 'settlement_payout_minus_locked_cost', 'contribution_usd': -20.000000000000004}]",-20.000000000000004
free_cash_5pct_cap20_control,4,0x93e6a6de955d8dd2620fe9dd236e9c958075da5b4781cd926c51d047a9435f57,2026-07-08 13:15:00+00:00,2026-07-08 13:14:01+00:00,2026-07-08 13:21:19+00:00,up,20.000000000000004,-20.000000000000004,"[{'event': 'cash_fee_at_entry', 'contribution_usd': -0.0}, {'event': 'settlement_payout_minus_locked_cost', 'contribution_usd': -20.000000000000004}]",-20.000000000000004
free_cash_5pct_cap20_control,5,0xca539a0eda6737cfc1f1cd7da04d7f3c84548e316f636380f80b9a1a76eea4d2,2026-07-16 23:30:00+00:00,2026-07-16 23:29:01+00:00,2026-07-16 23:36:26+00:00,up,20.000000000000004,-20.000000000000004,"[{'event': 'cash_fee_at_entry', 'contribution_usd': -0.0}, {'event': 'settlement_payout_minus_locked_cost', 'contribution_usd': -20.000000000000004}]",-20.000000000000004
free_cash_5pct_cap20_control,6,0x3c77271f05eac9e7e7f98672edaa54932b429447793b1163e563d980e53c526c,2026-07-17 00:35:00+00:00,2026-07-17 00:34:01+00:00,2026-07-17 00:41:26+00:00,up,20.000000000000004,-20.000000000000004,"[{'event': 'cash_fee_at_entry', 'contribution_usd': -0.0}, {'event': 'settlement_payout_minus_locked_cost', 'contribution_usd': -20.000000000000004}]",-20.000000000000004
free_cash_5pct_cap20_control,7,0xa515a3c3f67b9d3d2cc043b3f97e9836d2341ecbd6f2caddc7c72c1eeb356595,2026-07-17 11:50:00+00:00,2026-07-17 11:49:01+00:00,2026-07-17 11:56:22+00:00,down,20.000000000000004,-20.000000000000004,"[{'event': 'cash_fee_at_entry', 'contribution_usd': -0.0}, {'event': 'settlement_payout_minus_locked_cost', 'contribution_usd': -20.000000000000004}]",-20.000000000000004
free_cash_5pct_cap20_control,8,0xd94b2ae665b567f64357b546e4cbe4601587debc3c8b3036a390c451ae8813a3,2026-07-20 06:40:00+00:00,2026-07-20 06:39:01+00:00,2026-07-20 06:46:21+00:00,up,20.000000000000004,-20.000000000000004,"[{'event': 'cash_fee_at_entry', 'contribution_usd': -0.0}, {'event': 'settlement_payout_minus_locked_cost', 'contribution_usd': -20.000000000000004}]",-20.000000000000004
free_cash_5pct_cap20_control,9,0xb5dc964aa5466e7e517d66176e827e83424dfdd4244f9e577cd66c368ce654a3,2026-07-22 05:20:00+00:00,2026-07-22 05:19:01+00:00,2026-07-22 05:26:16+00:00,up,20.000000000000004,-20.000000000000004,"[{'event': 'cash_fee_at_entry', 'contribution_usd': -0.0}, {'event': 'settlement_payout_minus_locked_cost', 'contribution_usd': -20.000000000000004}]",-20.000000000000004
free_cash_5pct_cap20_control,10,0x0288010c6f691fa0ce339d1a44348c6e031b652cc18c2db77d37e0c3b50575fb,2026-07-23 01:20:00+00:00,2026-07-23 01:19:01+00:00,2026-07-23 01:26:25+00:00,up,20.000000000000004,-20.000000000000004,"[{'event': 'cash_fee_at_entry', 'contribution_usd': -0.0}, {'event': 'settlement_payout_minus_locked_cost', 'contribution_usd': -20.000000000000004}]",-20.000000000000004
