month_utc,calendar_slots,market_confirmed_count,outcome_available_count,btc_input_available_count,causal_prediction_available_count,t59_snapshot_available_count,up_fixed5_priceable_count,down_fixed5_priceable_count,fixed5_priceable_side_count_count,fixed5_buy_eligible_count,archive_entry_hour_available_count,archive_history_complete_count,archive_freshness_window_available_count,t59_any_event_observed_count,t59_up_book_initialized_count,t59_down_book_initialized_count,t59_both_books_initialized_count
2025-12,3979,3969,3962,3979,0,0,0,0,0,0,0,0,0,0,0,0,0
2026-01,8928,7475,7469,8928,0,0,0,0,0,0,0,0,0,0,0,0,0
2026-02,8064,4889,4887,8064,0,0,0,0,0,0,0,0,0,0,0,0,0
2026-03,8928,8928,8928,8928,0,0,0,0,0,0,0,0,0,0,0,0,0
2026-04,8640,8636,8634,8640,4403,4401,1375,1694,3069,304,4401,4401,4401,4401,4401,4401,4401
2026-05,8928,8927,8917,8928,8928,8927,3764,4017,7781,3612,8927,8927,8927,8609,8608,8608,8608
2026-06,8640,8634,8634,8640,8640,8634,2377,2355,4732,1900,8598,8299,8598,3588,3588,3588,3588
2026-07,8928,8927,8927,8928,8928,8927,6072,6064,12136,4925,8927,8927,8927,6826,6826,6826,6826
2026-08,8928,8928,8927,8928,8928,8928,5463,5748,11211,4371,8112,7813,8112,8108,8012,8012,8012
2026-09,8640,8639,8639,8640,8640,8639,6359,7512,13871,5316,8639,8639,8639,8639,8639,8639,8639
2026-10,1728,1728,1728,1728,1728,1728,1722,1723,3445,1301,1728,1728,1728,1728,1728,1728,1728
