policy,month_utc,opening_cost_basis_equity_usd,closing_cost_basis_equity_usd,monthly_equity_pnl_usd,monthly_max_drawdown,monthly_max_drawdown_peak_utc,monthly_max_drawdown_trough_utc,trade_count,gross_turnover_usd,cash_spent_including_cash_fees_usd,entry_cohort_net_pnl_usd,entry_cohort_pnl_per_dollar_spent,fee_usd,fee_cash_usd,fee_shares,stake_p0_usd,stake_p25_usd,stake_median_usd,stake_p75_usd,stake_p100_usd,skip_reason_counts
fixed_5_usd,2026-04,100.0,244.424901992745,144.424901992745,0.6362670054263138,2026-04-18T06:51:20+00:00,2026-04-25T07:46:18+00:00,304,1520.0,1520.0,144.42490199274474,0.09501638288996364,26.4999903,0.0,63.637828,5.0,5.0,5.0,5.0,5.0,"{'no_positive_net_expected_value': 2294, 'no_priceable_native_ask_side': 1804}"
fixed_5_usd,2026-05,244.424901992745,899.4748246863437,655.0499226935988,0.2699459126964826,2026-05-04T14:51:54+00:00,2026-05-06T11:56:18+00:00,3611,18055.0,18055.0,664.6577658308695,0.036812947429015204,0.0,0.0,0.0,4.999999999999999,5.0,5.0,5.0,5.000000000000001,"{'no_priceable_native_ask_side': 3466, 'no_positive_net_expected_value': 1840, 'missing_official_outcome_or_settlement_time': 10}"
fixed_5_usd,2026-06,899.4748246863437,1123.809730238508,224.3349055521644,0.14864585606220326,2026-06-09T15:31:34+00:00,2026-06-11T17:21:19+00:00,1899,9495.0,9495.0,214.72706241492835,0.022614751175874498,0.0,0.0,0.0,5.0,5.0,5.0,5.0,5.000000000000001,"{'no_positive_net_expected_value': 550, 'no_priceable_native_ask_side': 6185}"
fixed_5_usd,2026-07,1123.809730238508,1266.1471055349352,142.33737529642713,0.33165199627716724,2026-07-06T13:00:40+00:00,2026-07-23T13:07:25+00:00,4926,24630.0,24630.0,142.14129686510574,0.005771063616122848,0.0,0.0,0.0,4.999999999999999,5.0,5.0,5.0,5.000000000000001,"{'no_priceable_native_ask_side': 2480, 'no_positive_net_expected_value': 1521}"
fixed_5_usd,2026-08,1266.1471055349352,1551.3153851716431,285.1682796367079,0.2116647218526992,2026-08-03T00:21:24+00:00,2026-08-06T23:41:18+00:00,4369,21845.0,21845.0,285.36435806812926,0.013063142964894909,0.0,0.0,0.0,5.0,5.0,5.0,5.0,5.000000000000001,"{'no_positive_net_expected_value': 1942, 'no_priceable_native_ask_side': 2616, 'missing_official_outcome_or_settlement_time': 1}"
fixed_5_usd,2026-09,1551.3153851716431,2087.1325353751427,535.8171502034995,0.12086991430942133,2026-09-10T09:56:54+00:00,2026-09-12T03:03:31+00:00,5317,26585.0,26585.0,525.8171502035356,0.01977871544869421,0.0,0.0,0.0,5.0,5.0,5.0,5.0,5.000000000000001,"{'no_priceable_native_ask_side': 110, 'no_positive_net_expected_value': 3212}"
fixed_5_usd,2026-10,2087.1325353751427,1724.9926976245945,-362.13983775054817,0.1893495777922021,2026-10-01T01:26:54+00:00,2026-10-06T22:41:53+00:00,1300,6500.0,6500.0,-352.13983775053396,-0.0541753596539283,0.0,0.0,0.0,5.0,5.0,5.0,5.0,5.000000000000001,"{'no_positive_net_expected_value': 424, 'no_priceable_native_ask_side': 3}"
free_cash_5pct,2026-04,100.0,270.09771534404666,170.09771534404666,0.5287936844159316,2026-04-18T06:51:20+00:00,2026-04-25T07:46:18+00:00,299,2456.3256732622117,2456.3256732622117,170.0977153440471,0.06924884480735109,20.96762001,0.0,50.248334,2.6318857724259113,5.04567839200943,6.826710651816254,12.021888850248779,19.298822915066953,"{'no_positive_net_expected_value': 2299, 'no_priceable_native_ask_side': 1804}"
free_cash_5pct,2026-05,270.09771534404666,743.875111264811,473.7773959207644,0.8958531300950139,2026-05-28T15:26:17+00:00,2026-05-30T21:16:16+00:00,3339,211583.41317457677,211583.41317457677,540.2278082293317,0.002553261619726266,0.0,0.0,0.0,7.9678706268389385,25.588197110216882,44.654400959891106,98.80374707359563,193.93133899580397,"{'no_priceable_native_ask_side': 3466, 'no_positive_net_expected_value': 2112, 'missing_official_outcome_or_settlement_time': 10}"
free_cash_5pct,2026-06,743.875111264811,2062.1962485404565,1318.3211372756455,0.7758749395116652,2026-06-09T22:31:21+00:00,2026-06-11T17:21:19+00:00,1746,137048.8203688865,137048.8203688865,1251.870724967068,0.009134487415487993,0.0,0.0,0.0,22.391454220230635,42.6111162708086,63.86940299227035,103.70840548335919,268.8782282576978,"{'no_positive_net_expected_value': 703, 'no_priceable_native_ask_side': 6185}"
free_cash_5pct,2026-07,2062.1962485404565,33.3386887695646,-2028.8575597708918,0.990115322079893,2026-07-01T22:34:01+00:00,2026-07-25T14:06:18+00:00,2116,86533.45801963708,86533.45801963708,-2028.8575597708932,-0.023445931853439666,0.0,0.0,0.0,1.7546678299770506,18.43700820376377,31.212220844818624,56.74894663979512,168.63821481602412,"{'no_priceable_native_ask_side': 2480, 'no_positive_net_expected_value': 756, 'below_minimum_order_shares': 3575}"
free_cash_5pct,2026-08,33.3386887695646,25.797684727113097,-7.541004042451501,0.22621906249999574,2026-08-08T17:32:25+00:00,2026-08-08T21:32:25+00:00,10,15.083940256233348,15.083940256233348,-7.541004042451499,-0.49993595269878005,0.0,0.0,0.0,1.3577285184807328,1.4291995883727733,1.504432907952949,1.5836265227011963,1.6669889032457885,"{'below_minimum_order_shares': 6301, 'no_priceable_native_ask_side': 2616, 'missing_official_outcome_or_settlement_time': 1}"
free_cash_5pct,2026-09,25.797684727113097,25.797684727113097,0.0,0.0,,,0,0.0,0.0,0.0,,0.0,0.0,0.0,,,,,,"{'no_priceable_native_ask_side': 110, 'below_minimum_order_shares': 8529}"
free_cash_5pct,2026-10,25.797684727113097,25.797684727113097,0.0,0.0,,,0,0.0,0.0,0.0,,0.0,0.0,0.0,,,,,,"{'below_minimum_order_shares': 1724, 'no_priceable_native_ask_side': 3}"
cost_basis_equity_5pct,2026-04,100.0,271.9769663353729,171.97696633537288,0.5300989650685191,2026-04-18T06:51:20+00:00,2026-04-25T07:46:18+00:00,299,2527.003638384716,2527.003638384716,171.97696633537325,0.06805568607938473,20.99161616,0.0,50.311068999999996,2.624595230120022,5.18192779651367,7.074324775409889,12.649221242830489,19.655597282898302,"{'no_positive_net_expected_value': 2299, 'no_priceable_native_ask_side': 1804}"
cost_basis_equity_5pct,2026-05,271.9769663353729,691.742408218702,419.7654418833292,0.903130092822645,2026-05-26T18:21:25+00:00,2026-05-30T21:16:16+00:00,3335,215708.09817460077,215708.09817460077,484.56542924146555,0.002246394239910471,0.0,0.0,0.0,7.6749858474138355,24.31928231291116,43.04609429083024,102.28892498065785,208.40494189398493,"{'no_priceable_native_ask_side': 3466, 'no_positive_net_expected_value': 2116, 'missing_official_outcome_or_settlement_time': 10}"
cost_basis_equity_5pct,2026-06,691.742408218702,856.9234251438479,165.18101692514585,0.8499577397467376,2026-06-09T15:31:34+00:00,2026-06-11T17:21:19+00:00,1806,101023.12108340127,101023.12108340127,100.38102956701171,0.0009936441132534454,0.0,0.0,0.0,21.526621963812033,36.00573827362522,50.1760014208313,70.24345681647048,147.20229444641345,"{'no_positive_net_expected_value': 643, 'no_priceable_native_ask_side': 6185}"
cost_basis_equity_5pct,2026-07,856.9234251438479,27.645569317299994,-829.2778558265479,0.9799289883418395,2026-07-01T21:01:26+00:00,2026-07-18T16:26:21+00:00,1995,31051.330378366565,31051.330378366565,-829.2778558265495,-0.026706677160741127,0.0,0.0,0.0,1.4550299640684208,6.705537090702833,13.534532357578946,20.747985150962094,67.70638119242659,"{'no_priceable_native_ask_side': 2480, 'no_positive_net_expected_value': 691, 'below_minimum_order_shares': 3761}"
cost_basis_equity_5pct,2026-08,27.645569317299994,24.950941519587438,-2.694627797712556,0.26490810937500003,2026-08-08T17:32:25+00:00,2026-08-29T14:11:54+00:00,7,10.373952608073672,10.373952608073672,-2.694627797712563,-0.25974938381879936,0.0,0.0,0.0,1.313207448399339,1.3823010478795204,1.455077505151622,1.5719673878369327,1.6971307830898057,"{'below_minimum_order_shares': 6304, 'no_priceable_native_ask_side': 2616, 'missing_official_outcome_or_settlement_time': 1}"
cost_basis_equity_5pct,2026-09,24.950941519587438,24.950941519587438,0.0,0.0,,,0,0.0,0.0,0.0,,0.0,0.0,0.0,,,,,,"{'no_priceable_native_ask_side': 110, 'below_minimum_order_shares': 8529}"
cost_basis_equity_5pct,2026-10,24.950941519587438,24.950941519587438,0.0,0.0,,,0,0.0,0.0,0.0,,0.0,0.0,0.0,,,,,,"{'below_minimum_order_shares': 1724, 'no_priceable_native_ask_side': 3}"
free_cash_5pct_cap20_control,2026-04,100.0,270.09771534404666,170.09771534404666,0.5287936844159316,2026-04-18T06:51:20+00:00,2026-04-25T07:46:18+00:00,299,2456.3256732622117,2456.3256732622117,170.0977153440471,0.06924884480735109,20.96762001,0.0,50.248334,2.6318857724259113,5.04567839200943,6.826710651816254,12.021888850248779,19.298822915066953,"{'no_positive_net_expected_value': 2299, 'no_priceable_native_ask_side': 1804}"
free_cash_5pct_cap20_control,2026-05,270.09771534404666,2604.964148863252,2334.866433519205,0.44621608971290605,2026-05-04T14:51:54+00:00,2026-05-06T10:56:20+00:00,3534,69870.1002060439,69870.1002060439,2373.2978060682613,0.033967287853738704,0.0,0.0,0.0,11.158277997069133,20.0,20.0,20.0,20.000000000000004,"{'no_priceable_native_ask_side': 3466, 'no_positive_net_expected_value': 1917, 'missing_official_outcome_or_settlement_time': 10}"
free_cash_5pct_cap20_control,2026-06,2604.964148863252,3641.6116199246962,1036.6474710614443,0.18284452486884184,2026-06-09T15:31:34+00:00,2026-06-11T17:21:19+00:00,1875,37500.0,37500.0,998.2160985124907,0.026619095960333086,0.0,0.0,0.0,19.999999999999996,20.0,20.0,20.0,20.000000000000004,"{'no_positive_net_expected_value': 574, 'no_priceable_native_ask_side': 6185}"
free_cash_5pct_cap20_control,2026-07,3641.6116199246962,4349.883889260668,708.2722693359719,0.3820390665635084,2026-07-06T13:00:40+00:00,2026-07-23T13:07:25+00:00,4874,97480.0,97480.0,707.487955610664,0.007257775498673205,0.0,0.0,0.0,20.0,20.0,20.0,20.0,20.000000000000004,"{'no_priceable_native_ask_side': 2480, 'no_positive_net_expected_value': 1573}"
free_cash_5pct_cap20_control,2026-08,4349.883889260668,5271.36343586096,921.4795466002915,0.2484569282898203,2026-08-03T00:21:24+00:00,2026-08-06T23:41:18+00:00,4207,84140.0,84140.0,922.263860325936,0.010961063231827144,0.0,0.0,0.0,19.999999999999996,20.0,20.0,20.0,20.000000000000004,"{'no_positive_net_expected_value': 2104, 'no_priceable_native_ask_side': 2616, 'missing_official_outcome_or_settlement_time': 1}"
free_cash_5pct_cap20_control,2026-09,5271.36343586096,7305.440229979457,2034.0767941184977,0.13583144157317958,2026-09-10T09:56:54+00:00,2026-09-12T03:03:31+00:00,5116,102320.0,102320.0,1994.076794118679,0.019488631686069964,0.0,0.0,0.0,19.999999999999996,20.0,20.0,20.0,20.000000000000004,"{'no_priceable_native_ask_side': 110, 'no_positive_net_expected_value': 3413}"
free_cash_5pct_cap20_control,2026-10,7305.440229979457,6053.504398628053,-1251.935831351404,0.18703167040714447,2026-10-01T01:21:54+00:00,2026-10-06T22:41:53+00:00,1240,24800.0,24800.0,-1211.9358313513437,-0.04886838029642515,0.0,0.0,0.0,20.0,20.0,20.0,20.0,20.000000000000004,"{'no_positive_net_expected_value': 484, 'no_priceable_native_ask_side': 3}"
