policy,cap_usd,labelled_prior_scenario,prior_trade_count,prior_turnover_usd,prior_fees_usd,prior_ending_cash_usd,prior_net_pnl_usd,prior_max_drawdown,prior_skip_count,schedule_estimate_trade_count,schedule_estimate_turnover_usd,schedule_estimate_fees_usd,schedule_estimate_ending_cash_usd,schedule_estimate_net_pnl_usd,schedule_estimate_max_drawdown,schedule_estimate_skip_count
fixed_5_usd,,archived_event_bps_literal,20814,104070,26.4999903,1682.603876,1582.603876,0.6362670054,29370,657,3285,120.7668975,2.745127464,-97.25487254,0.9869971956,49527
fixed_5_usd,,current_gamma_schedule_0p07_counterfactual,457,2285,83.54948,3.137090862,-96.86290914,0.9847061855,49727,657,3285,120.7668975,2.745127464,-97.25487254,0.9869971956,49527
free_cash_5pct_cap10,10,archived_event_bps_literal,20643,205505.4799,20.96762001,3409.58916,3309.58916,0.5287936844,29541,439,2683.656127,98.29605303,25.74701322,-74.25298678,0.8886894667,49745
free_cash_5pct_cap10,10,current_gamma_schedule_0p07_counterfactual,433,2490.042251,91.07339,25.00009544,-74.99990456,0.8878627046,49751,439,2683.656127,98.29605303,25.74701322,-74.25298678,0.8886894667,49745
free_cash_5pct_cap100,100,archived_event_bps_literal,17703,1639923.811,20.96762001,12629.41496,12529.41496,0.8838328829,32481,439,2669.694279,97.80446253,25.19699404,-74.80300596,0.8910726601,49745
free_cash_5pct_cap100,100,current_gamma_schedule_0p07_counterfactual,417,2433.826818,89.00369,24.72697451,-75.27302549,0.8886583485,49767,439,2669.694279,97.80446253,25.19699404,-74.80300596,0.8910726601,49745
free_cash_5pct_cap15,15,archived_event_bps_literal,20463,304824.0554,20.96762001,4876.52144,4776.52144,0.5287936844,29721,439,2669.694279,97.80446253,25.19699404,-74.80300596,0.8910726601,49745
free_cash_5pct_cap15,15,current_gamma_schedule_0p07_counterfactual,417,2433.826818,89.00369,24.72697451,-75.27302549,0.8886583485,49767,439,2669.694279,97.80446253,25.19699404,-74.80300596,0.8910726601,49745
free_cash_5pct_cap20,20,archived_event_bps_literal,20244,400552.1556,20.96762001,5881.141323,5781.141323,0.5287936844,29940,439,2669.694279,97.80446253,25.19699404,-74.80300596,0.8910726601,49745
free_cash_5pct_cap20,20,current_gamma_schedule_0p07_counterfactual,417,2433.826818,89.00369,24.72697451,-75.27302549,0.8886583485,49767,439,2669.694279,97.80446253,25.19699404,-74.80300596,0.8910726601,49745
free_cash_5pct_cap30,30,archived_event_bps_literal,19854,585686.8505,20.96762001,7918.565021,7818.565021,0.6632403205,30330,439,2669.694279,97.80446253,25.19699404,-74.80300596,0.8910726601,49745
free_cash_5pct_cap30,30,current_gamma_schedule_0p07_counterfactual,417,2433.826818,89.00369,24.72697451,-75.27302549,0.8886583485,49767,439,2669.694279,97.80446253,25.19699404,-74.80300596,0.8910726601,49745
free_cash_5pct_cap5,5,archived_event_bps_literal,20814,103977.2824,20.90019295,1670.344338,1570.344338,0.5234585036,29370,456,2156.708429,79.25206448,24.79101171,-75.20898829,0.8797320495,49728
free_cash_5pct_cap5,5,current_gamma_schedule_0p07_counterfactual,457,2077.47175,76.20201,25.73436375,-74.26563625,0.8698544016,49727,456,2156.708429,79.25206448,24.79101171,-75.20898829,0.8797320495,49728
free_cash_5pct_cap50,50,archived_event_bps_literal,19200,917277.2005,20.96762001,9565.706659,9465.706659,0.8655462746,30984,439,2669.694279,97.80446253,25.19699404,-74.80300596,0.8910726601,49745
free_cash_5pct_cap50,50,current_gamma_schedule_0p07_counterfactual,417,2433.826818,89.00369,24.72697451,-75.27302549,0.8886583485,49767,439,2669.694279,97.80446253,25.19699404,-74.80300596,0.8910726601,49745
free_cash_5pct_cap75,75,archived_event_bps_literal,18423,1295338.008,20.96762001,14718.01531,14618.01531,0.8838328829,31761,439,2669.694279,97.80446253,25.19699404,-74.80300596,0.8910726601,49745
free_cash_5pct_cap75,75,current_gamma_schedule_0p07_counterfactual,417,2433.826818,89.00369,24.72697451,-75.27302549,0.8886583485,49767,439,2669.694279,97.80446253,25.19699404,-74.80300596,0.8910726601,49745
free_cash_5pct_cap_none,,archived_event_bps_literal,6615,443750.1747,20.96762001,25.75572078,-74.24427922,0.9965567246,43569,439,2669.694279,97.80446253,25.19699404,-74.80300596,0.8910726601,49745
free_cash_5pct_cap_none,,current_gamma_schedule_0p07_counterfactual,417,2433.826818,89.00369,24.72697451,-75.27302549,0.8886583485,49767,439,2669.694279,97.80446253,25.19699404,-74.80300596,0.8910726601,49745
walk_forward_previous_month_best_cap_seed20,,current_gamma_schedule_0p07_counterfactual,417,2433.826818,89.00369,24.72697451,-75.27302549,0.8886583485,49767,,,,,,,
