policy,cap_usd,fee_scenario,ask_age_limit_seconds,release_delay_seconds,execution_assumption,initial_cash_usd,ending_cash_after_assumed_release_usd,net_pnl_usd,trade_pnl_sum_usd,trade_count,skip_count,first_insufficient_cash_entry_time_utc,first_insufficient_cash_condition_id,first_insufficient_cash_available_usd,first_insufficient_cash_required_usd,gross_turnover_usd,fees_paid_estimated_usd,max_drawdown_cost_basis_equity,max_drawdown_peak_utc,max_drawdown_trough_utc,max_drawdown_recovery_utc,maximum_concurrent_cost_basis_exposure_usd,maximum_concurrent_positions,minimum_free_cash_usd,mean_gross_stake_usd,median_gross_stake_usd,max_gross_stake_usd,mean_ask_vwap_usd,median_ask_vwap_usd,top_positive_pnl_entry_day_utc,top_entry_day_net_pnl_usd,top_positive_day_share_of_positive_daily_pnl,worst_entry_day_utc,worst_entry_day_net_pnl_usd,skip_reasons,segment_id,scenario_id,scenario_group,fee_rule_coverage
fixed_5_usd,,market_schedule_with_historical_collection_unit,1,60,full_ladder_snapshot_upper_bound,100,2.745127464,-97.25487254,-97.25487254,657,49527,2026-05-03T06:24:01+00:00,0x130d3973b8ea4efdfc4a909dfc82501a61b9bf457431d9db935e4e1868d6fef5,4.233256924,5.189,3285,120.7668975,0.9869971956,2026-04-22T06:26:22+00:00,2026-05-03T19:51:26+00:00,,10,2,2.745127464,5,5,5,0.4748084629,0.48,2026-04-16,57.60352345,0.3076550663,2026-04-27,-43.44623127,"{""ambiguous_equal_source_timestamp_order"": 4029, ""archive_gap_after_book_initialization"": 8, ""archive_hour_missing_at_entry"": 36, ""ask_source_age_over_1s"": 1982, ""exchange_maintenance_pause"": 1, ""future_source_timestamp_at_entry"": 3, ""insufficient_free_cash_for_cash_debit"": 7156, ""missing_official_outcome_or_resolution_time"": 11, ""native_ask_bbo_reconciliation_mismatch"": 650, ""no_native_book_snapshot"": 8379, ""no_positive_net_expected_value"": 24592, ""no_priceable_native_ask_side"": 2680}",continuous_mixed_regime_estimate,fee=market_schedule_with_historical_collection_unit|ask_age<=1s|release=60s|exec=full_ladder_snapshot_upper_bound,continuous_mixed_regime_estimate,historical schedule estimate; pre-upgrade fee math is unresolved
free_cash_5pct_cap5,5,market_schedule_with_historical_collection_unit,1,60,full_ladder_snapshot_upper_bound,100,24.79101171,-75.20898829,-75.20898829,456,49728,,,,,2156.708429,79.25206448,0.8797320495,2026-04-22T06:26:22+00:00,2026-08-29T14:11:54+00:00,,10,2,24.79101171,4.729623748,5,5,0.4709268509,0.48,2026-04-18,54.46959915,0.3960673525,2026-04-17,-35.38314667,"{""ambiguous_equal_source_timestamp_order"": 4029, ""archive_gap_after_book_initialization"": 8, ""archive_hour_missing_at_entry"": 36, ""ask_source_age_over_1s"": 1982, ""below_minimum_order_shares"": 21275, ""exchange_maintenance_pause"": 1, ""future_source_timestamp_at_entry"": 3, ""missing_official_outcome_or_resolution_time"": 11, ""native_ask_bbo_reconciliation_mismatch"": 650, ""no_native_book_snapshot"": 8379, ""no_positive_net_expected_value"": 1724, ""no_priceable_native_ask_side"": 11630}",continuous_mixed_regime_estimate,fee=market_schedule_with_historical_collection_unit|ask_age<=1s|release=60s|exec=full_ladder_snapshot_upper_bound,continuous_mixed_regime_estimate,historical schedule estimate; pre-upgrade fee math is unresolved
free_cash_5pct_cap10,10,market_schedule_with_historical_collection_unit,1,60,full_ladder_snapshot_upper_bound,100,25.74701322,-74.25298678,-74.25298678,439,49745,,,,,2683.656127,98.29605303,0.8886894667,2026-04-22T06:26:22+00:00,2026-08-08T21:32:25+00:00,,20,2,25.74701322,6.113111906,6.0687873,10,0.4709743618,0.48,2026-04-18,61.25242012,0.4099823618,2026-04-17,-42.80634164,"{""ambiguous_equal_source_timestamp_order"": 4029, ""archive_gap_after_book_initialization"": 8, ""archive_hour_missing_at_entry"": 36, ""ask_source_age_over_1s"": 1982, ""below_minimum_order_shares"": 21287, ""exchange_maintenance_pause"": 1, ""future_source_timestamp_at_entry"": 3, ""missing_official_outcome_or_resolution_time"": 11, ""native_ask_bbo_reconciliation_mismatch"": 650, ""no_native_book_snapshot"": 8379, ""no_positive_net_expected_value"": 1652, ""no_priceable_native_ask_side"": 11707}",continuous_mixed_regime_estimate,fee=market_schedule_with_historical_collection_unit|ask_age<=1s|release=60s|exec=full_ladder_snapshot_upper_bound,continuous_mixed_regime_estimate,historical schedule estimate; pre-upgrade fee math is unresolved
free_cash_5pct_cap15,15,market_schedule_with_historical_collection_unit,1,60,full_ladder_snapshot_upper_bound,100,25.19699404,-74.80300596,-74.80300596,439,49745,,,,,2669.694279,97.80446253,0.8910726601,2026-04-22T06:26:22+00:00,2026-08-29T14:11:54+00:00,,22.55362998,2,25.19699404,6.081308153,5.987230261,11.56596409,0.4706537891,0.48,2026-04-18,61.25242012,0.4099823618,2026-04-17,-42.80634164,"{""ambiguous_equal_source_timestamp_order"": 4029, ""archive_gap_after_book_initialization"": 8, ""archive_hour_missing_at_entry"": 36, ""ask_source_age_over_1s"": 1982, ""below_minimum_order_shares"": 21288, ""exchange_maintenance_pause"": 1, ""future_source_timestamp_at_entry"": 3, ""missing_official_outcome_or_resolution_time"": 11, ""native_ask_bbo_reconciliation_mismatch"": 650, ""no_native_book_snapshot"": 8379, ""no_positive_net_expected_value"": 1646, ""no_priceable_native_ask_side"": 11712}",continuous_mixed_regime_estimate,fee=market_schedule_with_historical_collection_unit|ask_age<=1s|release=60s|exec=full_ladder_snapshot_upper_bound,continuous_mixed_regime_estimate,historical schedule estimate; pre-upgrade fee math is unresolved
free_cash_5pct_cap20,20,market_schedule_with_historical_collection_unit,1,60,full_ladder_snapshot_upper_bound,100,25.19699404,-74.80300596,-74.80300596,439,49745,,,,,2669.694279,97.80446253,0.8910726601,2026-04-22T06:26:22+00:00,2026-08-29T14:11:54+00:00,,22.55362998,2,25.19699404,6.081308153,5.987230261,11.56596409,0.4706537891,0.48,2026-04-18,61.25242012,0.4099823618,2026-04-17,-42.80634164,"{""ambiguous_equal_source_timestamp_order"": 4029, ""archive_gap_after_book_initialization"": 8, ""archive_hour_missing_at_entry"": 36, ""ask_source_age_over_1s"": 1982, ""below_minimum_order_shares"": 21288, ""exchange_maintenance_pause"": 1, ""future_source_timestamp_at_entry"": 3, ""missing_official_outcome_or_resolution_time"": 11, ""native_ask_bbo_reconciliation_mismatch"": 650, ""no_native_book_snapshot"": 8379, ""no_positive_net_expected_value"": 1646, ""no_priceable_native_ask_side"": 11712}",continuous_mixed_regime_estimate,fee=market_schedule_with_historical_collection_unit|ask_age<=1s|release=60s|exec=full_ladder_snapshot_upper_bound,continuous_mixed_regime_estimate,historical schedule estimate; pre-upgrade fee math is unresolved
free_cash_5pct_cap30,30,market_schedule_with_historical_collection_unit,1,60,full_ladder_snapshot_upper_bound,100,25.19699404,-74.80300596,-74.80300596,439,49745,,,,,2669.694279,97.80446253,0.8910726601,2026-04-22T06:26:22+00:00,2026-08-29T14:11:54+00:00,,22.55362998,2,25.19699404,6.081308153,5.987230261,11.56596409,0.4706537891,0.48,2026-04-18,61.25242012,0.4099823618,2026-04-17,-42.80634164,"{""ambiguous_equal_source_timestamp_order"": 4029, ""archive_gap_after_book_initialization"": 8, ""archive_hour_missing_at_entry"": 36, ""ask_source_age_over_1s"": 1982, ""below_minimum_order_shares"": 21288, ""exchange_maintenance_pause"": 1, ""future_source_timestamp_at_entry"": 3, ""missing_official_outcome_or_resolution_time"": 11, ""native_ask_bbo_reconciliation_mismatch"": 650, ""no_native_book_snapshot"": 8379, ""no_positive_net_expected_value"": 1646, ""no_priceable_native_ask_side"": 11712}",continuous_mixed_regime_estimate,fee=market_schedule_with_historical_collection_unit|ask_age<=1s|release=60s|exec=full_ladder_snapshot_upper_bound,continuous_mixed_regime_estimate,historical schedule estimate; pre-upgrade fee math is unresolved
free_cash_5pct_cap50,50,market_schedule_with_historical_collection_unit,1,60,full_ladder_snapshot_upper_bound,100,25.19699404,-74.80300596,-74.80300596,439,49745,,,,,2669.694279,97.80446253,0.8910726601,2026-04-22T06:26:22+00:00,2026-08-29T14:11:54+00:00,,22.55362998,2,25.19699404,6.081308153,5.987230261,11.56596409,0.4706537891,0.48,2026-04-18,61.25242012,0.4099823618,2026-04-17,-42.80634164,"{""ambiguous_equal_source_timestamp_order"": 4029, ""archive_gap_after_book_initialization"": 8, ""archive_hour_missing_at_entry"": 36, ""ask_source_age_over_1s"": 1982, ""below_minimum_order_shares"": 21288, ""exchange_maintenance_pause"": 1, ""future_source_timestamp_at_entry"": 3, ""missing_official_outcome_or_resolution_time"": 11, ""native_ask_bbo_reconciliation_mismatch"": 650, ""no_native_book_snapshot"": 8379, ""no_positive_net_expected_value"": 1646, ""no_priceable_native_ask_side"": 11712}",continuous_mixed_regime_estimate,fee=market_schedule_with_historical_collection_unit|ask_age<=1s|release=60s|exec=full_ladder_snapshot_upper_bound,continuous_mixed_regime_estimate,historical schedule estimate; pre-upgrade fee math is unresolved
free_cash_5pct_cap75,75,market_schedule_with_historical_collection_unit,1,60,full_ladder_snapshot_upper_bound,100,25.19699404,-74.80300596,-74.80300596,439,49745,,,,,2669.694279,97.80446253,0.8910726601,2026-04-22T06:26:22+00:00,2026-08-29T14:11:54+00:00,,22.55362998,2,25.19699404,6.081308153,5.987230261,11.56596409,0.4706537891,0.48,2026-04-18,61.25242012,0.4099823618,2026-04-17,-42.80634164,"{""ambiguous_equal_source_timestamp_order"": 4029, ""archive_gap_after_book_initialization"": 8, ""archive_hour_missing_at_entry"": 36, ""ask_source_age_over_1s"": 1982, ""below_minimum_order_shares"": 21288, ""exchange_maintenance_pause"": 1, ""future_source_timestamp_at_entry"": 3, ""missing_official_outcome_or_resolution_time"": 11, ""native_ask_bbo_reconciliation_mismatch"": 650, ""no_native_book_snapshot"": 8379, ""no_positive_net_expected_value"": 1646, ""no_priceable_native_ask_side"": 11712}",continuous_mixed_regime_estimate,fee=market_schedule_with_historical_collection_unit|ask_age<=1s|release=60s|exec=full_ladder_snapshot_upper_bound,continuous_mixed_regime_estimate,historical schedule estimate; pre-upgrade fee math is unresolved
free_cash_5pct_cap100,100,market_schedule_with_historical_collection_unit,1,60,full_ladder_snapshot_upper_bound,100,25.19699404,-74.80300596,-74.80300596,439,49745,,,,,2669.694279,97.80446253,0.8910726601,2026-04-22T06:26:22+00:00,2026-08-29T14:11:54+00:00,,22.55362998,2,25.19699404,6.081308153,5.987230261,11.56596409,0.4706537891,0.48,2026-04-18,61.25242012,0.4099823618,2026-04-17,-42.80634164,"{""ambiguous_equal_source_timestamp_order"": 4029, ""archive_gap_after_book_initialization"": 8, ""archive_hour_missing_at_entry"": 36, ""ask_source_age_over_1s"": 1982, ""below_minimum_order_shares"": 21288, ""exchange_maintenance_pause"": 1, ""future_source_timestamp_at_entry"": 3, ""missing_official_outcome_or_resolution_time"": 11, ""native_ask_bbo_reconciliation_mismatch"": 650, ""no_native_book_snapshot"": 8379, ""no_positive_net_expected_value"": 1646, ""no_priceable_native_ask_side"": 11712}",continuous_mixed_regime_estimate,fee=market_schedule_with_historical_collection_unit|ask_age<=1s|release=60s|exec=full_ladder_snapshot_upper_bound,continuous_mixed_regime_estimate,historical schedule estimate; pre-upgrade fee math is unresolved
free_cash_5pct_cap_none,,market_schedule_with_historical_collection_unit,1,60,full_ladder_snapshot_upper_bound,100,25.19699404,-74.80300596,-74.80300596,439,49745,,,,,2669.694279,97.80446253,0.8910726601,2026-04-22T06:26:22+00:00,2026-08-29T14:11:54+00:00,,22.55362998,2,25.19699404,6.081308153,5.987230261,11.56596409,0.4706537891,0.48,2026-04-18,61.25242012,0.4099823618,2026-04-17,-42.80634164,"{""ambiguous_equal_source_timestamp_order"": 4029, ""archive_gap_after_book_initialization"": 8, ""archive_hour_missing_at_entry"": 36, ""ask_source_age_over_1s"": 1982, ""below_minimum_order_shares"": 21288, ""exchange_maintenance_pause"": 1, ""future_source_timestamp_at_entry"": 3, ""missing_official_outcome_or_resolution_time"": 11, ""native_ask_bbo_reconciliation_mismatch"": 650, ""no_native_book_snapshot"": 8379, ""no_positive_net_expected_value"": 1646, ""no_priceable_native_ask_side"": 11712}",continuous_mixed_regime_estimate,fee=market_schedule_with_historical_collection_unit|ask_age<=1s|release=60s|exec=full_ladder_snapshot_upper_bound,continuous_mixed_regime_estimate,historical schedule estimate; pre-upgrade fee math is unresolved
fixed_5_usd,,market_schedule_with_historical_collection_unit,5,60,full_ladder_snapshot_upper_bound,100,4.471872359,-95.52812764,-95.52812764,713,49471,2026-05-05T06:39:01+00:00,0xb088b700dd82d31098d30286e24b79c7e5cef28000d7ede9bab49d587fa9280c,4.471872359,5.1715,3565,130.9614075,0.9788181487,2026-04-22T06:26:22+00:00,2026-05-05T06:01:54+00:00,,10,2,3.380927914,5,5,5,0.4752053176,0.48,2026-04-16,57.60352345,0.2942234448,2026-04-27,-43.44623127,"{""ambiguous_equal_source_timestamp_order"": 4029, ""archive_gap_after_book_initialization"": 8, ""archive_hour_missing_at_entry"": 36, ""ask_source_age_over_5s"": 1449, ""exchange_maintenance_pause"": 1, ""future_source_timestamp_at_entry"": 3, ""insufficient_free_cash_for_cash_debit"": 7254, ""missing_official_outcome_or_resolution_time"": 11, ""native_ask_bbo_reconciliation_mismatch"": 664, ""no_native_book_snapshot"": 8379, ""no_positive_net_expected_value"": 25077, ""no_priceable_native_ask_side"": 2560}",continuous_mixed_regime_estimate,fee=market_schedule_with_historical_collection_unit|ask_age<=5s|release=60s|exec=full_ladder_snapshot_upper_bound,continuous_mixed_regime_estimate,historical schedule estimate; pre-upgrade fee math is unresolved
free_cash_5pct_cap5,5,market_schedule_with_historical_collection_unit,5,60,full_ladder_snapshot_upper_bound,100,24.79101171,-75.20898829,-75.20898829,456,49728,,,,,2156.708429,79.25206448,0.8797320495,2026-04-22T06:26:22+00:00,2026-08-29T14:11:54+00:00,,10,2,24.79101171,4.729623748,5,5,0.4709268509,0.48,2026-04-18,54.46959915,0.3960673525,2026-04-17,-35.38314667,"{""ambiguous_equal_source_timestamp_order"": 4029, ""archive_gap_after_book_initialization"": 8, ""archive_hour_missing_at_entry"": 36, ""ask_source_age_over_5s"": 1449, ""below_minimum_order_shares"": 21840, ""exchange_maintenance_pause"": 1, ""future_source_timestamp_at_entry"": 3, ""missing_official_outcome_or_resolution_time"": 11, ""native_ask_bbo_reconciliation_mismatch"": 664, ""no_native_book_snapshot"": 8379, ""no_positive_net_expected_value"": 1724, ""no_priceable_native_ask_side"": 11584}",continuous_mixed_regime_estimate,fee=market_schedule_with_historical_collection_unit|ask_age<=5s|release=60s|exec=full_ladder_snapshot_upper_bound,continuous_mixed_regime_estimate,historical schedule estimate; pre-upgrade fee math is unresolved
free_cash_5pct_cap10,10,market_schedule_with_historical_collection_unit,5,60,full_ladder_snapshot_upper_bound,100,25.74701322,-74.25298678,-74.25298678,439,49745,,,,,2683.656127,98.29605303,0.8886894667,2026-04-22T06:26:22+00:00,2026-08-08T21:32:25+00:00,,20,2,25.74701322,6.113111906,6.0687873,10,0.4709743618,0.48,2026-04-18,61.25242012,0.4099823618,2026-04-17,-42.80634164,"{""ambiguous_equal_source_timestamp_order"": 4029, ""archive_gap_after_book_initialization"": 8, ""archive_hour_missing_at_entry"": 36, ""ask_source_age_over_5s"": 1449, ""below_minimum_order_shares"": 21852, ""exchange_maintenance_pause"": 1, ""future_source_timestamp_at_entry"": 3, ""missing_official_outcome_or_resolution_time"": 11, ""native_ask_bbo_reconciliation_mismatch"": 664, ""no_native_book_snapshot"": 8379, ""no_positive_net_expected_value"": 1652, ""no_priceable_native_ask_side"": 11661}",continuous_mixed_regime_estimate,fee=market_schedule_with_historical_collection_unit|ask_age<=5s|release=60s|exec=full_ladder_snapshot_upper_bound,continuous_mixed_regime_estimate,historical schedule estimate; pre-upgrade fee math is unresolved
free_cash_5pct_cap15,15,market_schedule_with_historical_collection_unit,5,60,full_ladder_snapshot_upper_bound,100,25.19699404,-74.80300596,-74.80300596,439,49745,,,,,2669.694279,97.80446253,0.8910726601,2026-04-22T06:26:22+00:00,2026-08-29T14:11:54+00:00,,22.55362998,2,25.19699404,6.081308153,5.987230261,11.56596409,0.4706537891,0.48,2026-04-18,61.25242012,0.4099823618,2026-04-17,-42.80634164,"{""ambiguous_equal_source_timestamp_order"": 4029, ""archive_gap_after_book_initialization"": 8, ""archive_hour_missing_at_entry"": 36, ""ask_source_age_over_5s"": 1449, ""below_minimum_order_shares"": 21852, ""exchange_maintenance_pause"": 1, ""future_source_timestamp_at_entry"": 3, ""missing_official_outcome_or_resolution_time"": 11, ""native_ask_bbo_reconciliation_mismatch"": 664, ""no_native_book_snapshot"": 8379, ""no_positive_net_expected_value"": 1646, ""no_priceable_native_ask_side"": 11667}",continuous_mixed_regime_estimate,fee=market_schedule_with_historical_collection_unit|ask_age<=5s|release=60s|exec=full_ladder_snapshot_upper_bound,continuous_mixed_regime_estimate,historical schedule estimate; pre-upgrade fee math is unresolved
free_cash_5pct_cap20,20,market_schedule_with_historical_collection_unit,5,60,full_ladder_snapshot_upper_bound,100,25.19699404,-74.80300596,-74.80300596,439,49745,,,,,2669.694279,97.80446253,0.8910726601,2026-04-22T06:26:22+00:00,2026-08-29T14:11:54+00:00,,22.55362998,2,25.19699404,6.081308153,5.987230261,11.56596409,0.4706537891,0.48,2026-04-18,61.25242012,0.4099823618,2026-04-17,-42.80634164,"{""ambiguous_equal_source_timestamp_order"": 4029, ""archive_gap_after_book_initialization"": 8, ""archive_hour_missing_at_entry"": 36, ""ask_source_age_over_5s"": 1449, ""below_minimum_order_shares"": 21852, ""exchange_maintenance_pause"": 1, ""future_source_timestamp_at_entry"": 3, ""missing_official_outcome_or_resolution_time"": 11, ""native_ask_bbo_reconciliation_mismatch"": 664, ""no_native_book_snapshot"": 8379, ""no_positive_net_expected_value"": 1646, ""no_priceable_native_ask_side"": 11667}",continuous_mixed_regime_estimate,fee=market_schedule_with_historical_collection_unit|ask_age<=5s|release=60s|exec=full_ladder_snapshot_upper_bound,continuous_mixed_regime_estimate,historical schedule estimate; pre-upgrade fee math is unresolved
free_cash_5pct_cap30,30,market_schedule_with_historical_collection_unit,5,60,full_ladder_snapshot_upper_bound,100,25.19699404,-74.80300596,-74.80300596,439,49745,,,,,2669.694279,97.80446253,0.8910726601,2026-04-22T06:26:22+00:00,2026-08-29T14:11:54+00:00,,22.55362998,2,25.19699404,6.081308153,5.987230261,11.56596409,0.4706537891,0.48,2026-04-18,61.25242012,0.4099823618,2026-04-17,-42.80634164,"{""ambiguous_equal_source_timestamp_order"": 4029, ""archive_gap_after_book_initialization"": 8, ""archive_hour_missing_at_entry"": 36, ""ask_source_age_over_5s"": 1449, ""below_minimum_order_shares"": 21852, ""exchange_maintenance_pause"": 1, ""future_source_timestamp_at_entry"": 3, ""missing_official_outcome_or_resolution_time"": 11, ""native_ask_bbo_reconciliation_mismatch"": 664, ""no_native_book_snapshot"": 8379, ""no_positive_net_expected_value"": 1646, ""no_priceable_native_ask_side"": 11667}",continuous_mixed_regime_estimate,fee=market_schedule_with_historical_collection_unit|ask_age<=5s|release=60s|exec=full_ladder_snapshot_upper_bound,continuous_mixed_regime_estimate,historical schedule estimate; pre-upgrade fee math is unresolved
free_cash_5pct_cap50,50,market_schedule_with_historical_collection_unit,5,60,full_ladder_snapshot_upper_bound,100,25.19699404,-74.80300596,-74.80300596,439,49745,,,,,2669.694279,97.80446253,0.8910726601,2026-04-22T06:26:22+00:00,2026-08-29T14:11:54+00:00,,22.55362998,2,25.19699404,6.081308153,5.987230261,11.56596409,0.4706537891,0.48,2026-04-18,61.25242012,0.4099823618,2026-04-17,-42.80634164,"{""ambiguous_equal_source_timestamp_order"": 4029, ""archive_gap_after_book_initialization"": 8, ""archive_hour_missing_at_entry"": 36, ""ask_source_age_over_5s"": 1449, ""below_minimum_order_shares"": 21852, ""exchange_maintenance_pause"": 1, ""future_source_timestamp_at_entry"": 3, ""missing_official_outcome_or_resolution_time"": 11, ""native_ask_bbo_reconciliation_mismatch"": 664, ""no_native_book_snapshot"": 8379, ""no_positive_net_expected_value"": 1646, ""no_priceable_native_ask_side"": 11667}",continuous_mixed_regime_estimate,fee=market_schedule_with_historical_collection_unit|ask_age<=5s|release=60s|exec=full_ladder_snapshot_upper_bound,continuous_mixed_regime_estimate,historical schedule estimate; pre-upgrade fee math is unresolved
free_cash_5pct_cap75,75,market_schedule_with_historical_collection_unit,5,60,full_ladder_snapshot_upper_bound,100,25.19699404,-74.80300596,-74.80300596,439,49745,,,,,2669.694279,97.80446253,0.8910726601,2026-04-22T06:26:22+00:00,2026-08-29T14:11:54+00:00,,22.55362998,2,25.19699404,6.081308153,5.987230261,11.56596409,0.4706537891,0.48,2026-04-18,61.25242012,0.4099823618,2026-04-17,-42.80634164,"{""ambiguous_equal_source_timestamp_order"": 4029, ""archive_gap_after_book_initialization"": 8, ""archive_hour_missing_at_entry"": 36, ""ask_source_age_over_5s"": 1449, ""below_minimum_order_shares"": 21852, ""exchange_maintenance_pause"": 1, ""future_source_timestamp_at_entry"": 3, ""missing_official_outcome_or_resolution_time"": 11, ""native_ask_bbo_reconciliation_mismatch"": 664, ""no_native_book_snapshot"": 8379, ""no_positive_net_expected_value"": 1646, ""no_priceable_native_ask_side"": 11667}",continuous_mixed_regime_estimate,fee=market_schedule_with_historical_collection_unit|ask_age<=5s|release=60s|exec=full_ladder_snapshot_upper_bound,continuous_mixed_regime_estimate,historical schedule estimate; pre-upgrade fee math is unresolved
free_cash_5pct_cap100,100,market_schedule_with_historical_collection_unit,5,60,full_ladder_snapshot_upper_bound,100,25.19699404,-74.80300596,-74.80300596,439,49745,,,,,2669.694279,97.80446253,0.8910726601,2026-04-22T06:26:22+00:00,2026-08-29T14:11:54+00:00,,22.55362998,2,25.19699404,6.081308153,5.987230261,11.56596409,0.4706537891,0.48,2026-04-18,61.25242012,0.4099823618,2026-04-17,-42.80634164,"{""ambiguous_equal_source_timestamp_order"": 4029, ""archive_gap_after_book_initialization"": 8, ""archive_hour_missing_at_entry"": 36, ""ask_source_age_over_5s"": 1449, ""below_minimum_order_shares"": 21852, ""exchange_maintenance_pause"": 1, ""future_source_timestamp_at_entry"": 3, ""missing_official_outcome_or_resolution_time"": 11, ""native_ask_bbo_reconciliation_mismatch"": 664, ""no_native_book_snapshot"": 8379, ""no_positive_net_expected_value"": 1646, ""no_priceable_native_ask_side"": 11667}",continuous_mixed_regime_estimate,fee=market_schedule_with_historical_collection_unit|ask_age<=5s|release=60s|exec=full_ladder_snapshot_upper_bound,continuous_mixed_regime_estimate,historical schedule estimate; pre-upgrade fee math is unresolved
free_cash_5pct_cap_none,,market_schedule_with_historical_collection_unit,5,60,full_ladder_snapshot_upper_bound,100,25.19699404,-74.80300596,-74.80300596,439,49745,,,,,2669.694279,97.80446253,0.8910726601,2026-04-22T06:26:22+00:00,2026-08-29T14:11:54+00:00,,22.55362998,2,25.19699404,6.081308153,5.987230261,11.56596409,0.4706537891,0.48,2026-04-18,61.25242012,0.4099823618,2026-04-17,-42.80634164,"{""ambiguous_equal_source_timestamp_order"": 4029, ""archive_gap_after_book_initialization"": 8, ""archive_hour_missing_at_entry"": 36, ""ask_source_age_over_5s"": 1449, ""below_minimum_order_shares"": 21852, ""exchange_maintenance_pause"": 1, ""future_source_timestamp_at_entry"": 3, ""missing_official_outcome_or_resolution_time"": 11, ""native_ask_bbo_reconciliation_mismatch"": 664, ""no_native_book_snapshot"": 8379, ""no_positive_net_expected_value"": 1646, ""no_priceable_native_ask_side"": 11667}",continuous_mixed_regime_estimate,fee=market_schedule_with_historical_collection_unit|ask_age<=5s|release=60s|exec=full_ladder_snapshot_upper_bound,continuous_mixed_regime_estimate,historical schedule estimate; pre-upgrade fee math is unresolved
fixed_5_usd,,market_schedule_with_historical_collection_unit,30,60,full_ladder_snapshot_upper_bound,100,2.865233636,-97.13476636,-97.13476636,667,49517,2026-05-03T06:24:01+00:00,0x130d3973b8ea4efdfc4a909dfc82501a61b9bf457431d9db935e4e1868d6fef5,4.494466924,5.189,3335,122.5308375,0.9864282904,2026-04-22T06:26:22+00:00,2026-05-03T19:16:54+00:00,,10,2,0.8973069432,5,5,5,0.4751264149,0.48,2026-04-16,57.60352345,0.3076550663,2026-04-27,-43.44623127,"{""ambiguous_equal_source_timestamp_order"": 4029, ""archive_gap_after_book_initialization"": 8, ""archive_hour_missing_at_entry"": 36, ""ask_source_age_over_30s"": 947, ""exchange_maintenance_pause"": 1, ""future_source_timestamp_at_entry"": 3, ""insufficient_free_cash_for_cash_debit"": 7463, ""missing_official_outcome_or_resolution_time"": 11, ""native_ask_bbo_reconciliation_mismatch"": 671, ""no_native_book_snapshot"": 8379, ""no_positive_net_expected_value"": 25507, ""no_priceable_native_ask_side"": 2462}",continuous_mixed_regime_estimate,fee=market_schedule_with_historical_collection_unit|ask_age<=30s|release=60s|exec=full_ladder_snapshot_upper_bound,continuous_mixed_regime_estimate,historical schedule estimate; pre-upgrade fee math is unresolved
free_cash_5pct_cap5,5,market_schedule_with_historical_collection_unit,30,60,full_ladder_snapshot_upper_bound,100,24.79101171,-75.20898829,-75.20898829,456,49728,,,,,2156.708429,79.25206448,0.8797320495,2026-04-22T06:26:22+00:00,2026-08-29T14:11:54+00:00,,10,2,24.79101171,4.729623748,5,5,0.4709268509,0.48,2026-04-18,54.46959915,0.3960673525,2026-04-17,-35.38314667,"{""ambiguous_equal_source_timestamp_order"": 4029, ""archive_gap_after_book_initialization"": 8, ""archive_hour_missing_at_entry"": 36, ""ask_source_age_over_30s"": 947, ""below_minimum_order_shares"": 22378, ""exchange_maintenance_pause"": 1, ""future_source_timestamp_at_entry"": 3, ""missing_official_outcome_or_resolution_time"": 11, ""native_ask_bbo_reconciliation_mismatch"": 671, ""no_native_book_snapshot"": 8379, ""no_positive_net_expected_value"": 1724, ""no_priceable_native_ask_side"": 11541}",continuous_mixed_regime_estimate,fee=market_schedule_with_historical_collection_unit|ask_age<=30s|release=60s|exec=full_ladder_snapshot_upper_bound,continuous_mixed_regime_estimate,historical schedule estimate; pre-upgrade fee math is unresolved
free_cash_5pct_cap10,10,market_schedule_with_historical_collection_unit,30,60,full_ladder_snapshot_upper_bound,100,25.74701322,-74.25298678,-74.25298678,439,49745,,,,,2683.656127,98.29605303,0.8886894667,2026-04-22T06:26:22+00:00,2026-08-08T21:32:25+00:00,,20,2,25.74701322,6.113111906,6.0687873,10,0.4709743618,0.48,2026-04-18,61.25242012,0.4099823618,2026-04-17,-42.80634164,"{""ambiguous_equal_source_timestamp_order"": 4029, ""archive_gap_after_book_initialization"": 8, ""archive_hour_missing_at_entry"": 36, ""ask_source_age_over_30s"": 947, ""below_minimum_order_shares"": 22390, ""exchange_maintenance_pause"": 1, ""future_source_timestamp_at_entry"": 3, ""missing_official_outcome_or_resolution_time"": 11, ""native_ask_bbo_reconciliation_mismatch"": 671, ""no_native_book_snapshot"": 8379, ""no_positive_net_expected_value"": 1652, ""no_priceable_native_ask_side"": 11618}",continuous_mixed_regime_estimate,fee=market_schedule_with_historical_collection_unit|ask_age<=30s|release=60s|exec=full_ladder_snapshot_upper_bound,continuous_mixed_regime_estimate,historical schedule estimate; pre-upgrade fee math is unresolved
free_cash_5pct_cap15,15,market_schedule_with_historical_collection_unit,30,60,full_ladder_snapshot_upper_bound,100,25.19699404,-74.80300596,-74.80300596,439,49745,,,,,2669.694279,97.80446253,0.8910726601,2026-04-22T06:26:22+00:00,2026-08-29T14:11:54+00:00,,22.55362998,2,25.19699404,6.081308153,5.987230261,11.56596409,0.4706537891,0.48,2026-04-18,61.25242012,0.4099823618,2026-04-17,-42.80634164,"{""ambiguous_equal_source_timestamp_order"": 4029, ""archive_gap_after_book_initialization"": 8, ""archive_hour_missing_at_entry"": 36, ""ask_source_age_over_30s"": 947, ""below_minimum_order_shares"": 22390, ""exchange_maintenance_pause"": 1, ""future_source_timestamp_at_entry"": 3, ""missing_official_outcome_or_resolution_time"": 11, ""native_ask_bbo_reconciliation_mismatch"": 671, ""no_native_book_snapshot"": 8379, ""no_positive_net_expected_value"": 1646, ""no_priceable_native_ask_side"": 11624}",continuous_mixed_regime_estimate,fee=market_schedule_with_historical_collection_unit|ask_age<=30s|release=60s|exec=full_ladder_snapshot_upper_bound,continuous_mixed_regime_estimate,historical schedule estimate; pre-upgrade fee math is unresolved
free_cash_5pct_cap20,20,market_schedule_with_historical_collection_unit,30,60,full_ladder_snapshot_upper_bound,100,25.19699404,-74.80300596,-74.80300596,439,49745,,,,,2669.694279,97.80446253,0.8910726601,2026-04-22T06:26:22+00:00,2026-08-29T14:11:54+00:00,,22.55362998,2,25.19699404,6.081308153,5.987230261,11.56596409,0.4706537891,0.48,2026-04-18,61.25242012,0.4099823618,2026-04-17,-42.80634164,"{""ambiguous_equal_source_timestamp_order"": 4029, ""archive_gap_after_book_initialization"": 8, ""archive_hour_missing_at_entry"": 36, ""ask_source_age_over_30s"": 947, ""below_minimum_order_shares"": 22390, ""exchange_maintenance_pause"": 1, ""future_source_timestamp_at_entry"": 3, ""missing_official_outcome_or_resolution_time"": 11, ""native_ask_bbo_reconciliation_mismatch"": 671, ""no_native_book_snapshot"": 8379, ""no_positive_net_expected_value"": 1646, ""no_priceable_native_ask_side"": 11624}",continuous_mixed_regime_estimate,fee=market_schedule_with_historical_collection_unit|ask_age<=30s|release=60s|exec=full_ladder_snapshot_upper_bound,continuous_mixed_regime_estimate,historical schedule estimate; pre-upgrade fee math is unresolved
free_cash_5pct_cap30,30,market_schedule_with_historical_collection_unit,30,60,full_ladder_snapshot_upper_bound,100,25.19699404,-74.80300596,-74.80300596,439,49745,,,,,2669.694279,97.80446253,0.8910726601,2026-04-22T06:26:22+00:00,2026-08-29T14:11:54+00:00,,22.55362998,2,25.19699404,6.081308153,5.987230261,11.56596409,0.4706537891,0.48,2026-04-18,61.25242012,0.4099823618,2026-04-17,-42.80634164,"{""ambiguous_equal_source_timestamp_order"": 4029, ""archive_gap_after_book_initialization"": 8, ""archive_hour_missing_at_entry"": 36, ""ask_source_age_over_30s"": 947, ""below_minimum_order_shares"": 22390, ""exchange_maintenance_pause"": 1, ""future_source_timestamp_at_entry"": 3, ""missing_official_outcome_or_resolution_time"": 11, ""native_ask_bbo_reconciliation_mismatch"": 671, ""no_native_book_snapshot"": 8379, ""no_positive_net_expected_value"": 1646, ""no_priceable_native_ask_side"": 11624}",continuous_mixed_regime_estimate,fee=market_schedule_with_historical_collection_unit|ask_age<=30s|release=60s|exec=full_ladder_snapshot_upper_bound,continuous_mixed_regime_estimate,historical schedule estimate; pre-upgrade fee math is unresolved
free_cash_5pct_cap50,50,market_schedule_with_historical_collection_unit,30,60,full_ladder_snapshot_upper_bound,100,25.19699404,-74.80300596,-74.80300596,439,49745,,,,,2669.694279,97.80446253,0.8910726601,2026-04-22T06:26:22+00:00,2026-08-29T14:11:54+00:00,,22.55362998,2,25.19699404,6.081308153,5.987230261,11.56596409,0.4706537891,0.48,2026-04-18,61.25242012,0.4099823618,2026-04-17,-42.80634164,"{""ambiguous_equal_source_timestamp_order"": 4029, ""archive_gap_after_book_initialization"": 8, ""archive_hour_missing_at_entry"": 36, ""ask_source_age_over_30s"": 947, ""below_minimum_order_shares"": 22390, ""exchange_maintenance_pause"": 1, ""future_source_timestamp_at_entry"": 3, ""missing_official_outcome_or_resolution_time"": 11, ""native_ask_bbo_reconciliation_mismatch"": 671, ""no_native_book_snapshot"": 8379, ""no_positive_net_expected_value"": 1646, ""no_priceable_native_ask_side"": 11624}",continuous_mixed_regime_estimate,fee=market_schedule_with_historical_collection_unit|ask_age<=30s|release=60s|exec=full_ladder_snapshot_upper_bound,continuous_mixed_regime_estimate,historical schedule estimate; pre-upgrade fee math is unresolved
free_cash_5pct_cap75,75,market_schedule_with_historical_collection_unit,30,60,full_ladder_snapshot_upper_bound,100,25.19699404,-74.80300596,-74.80300596,439,49745,,,,,2669.694279,97.80446253,0.8910726601,2026-04-22T06:26:22+00:00,2026-08-29T14:11:54+00:00,,22.55362998,2,25.19699404,6.081308153,5.987230261,11.56596409,0.4706537891,0.48,2026-04-18,61.25242012,0.4099823618,2026-04-17,-42.80634164,"{""ambiguous_equal_source_timestamp_order"": 4029, ""archive_gap_after_book_initialization"": 8, ""archive_hour_missing_at_entry"": 36, ""ask_source_age_over_30s"": 947, ""below_minimum_order_shares"": 22390, ""exchange_maintenance_pause"": 1, ""future_source_timestamp_at_entry"": 3, ""missing_official_outcome_or_resolution_time"": 11, ""native_ask_bbo_reconciliation_mismatch"": 671, ""no_native_book_snapshot"": 8379, ""no_positive_net_expected_value"": 1646, ""no_priceable_native_ask_side"": 11624}",continuous_mixed_regime_estimate,fee=market_schedule_with_historical_collection_unit|ask_age<=30s|release=60s|exec=full_ladder_snapshot_upper_bound,continuous_mixed_regime_estimate,historical schedule estimate; pre-upgrade fee math is unresolved
free_cash_5pct_cap100,100,market_schedule_with_historical_collection_unit,30,60,full_ladder_snapshot_upper_bound,100,25.19699404,-74.80300596,-74.80300596,439,49745,,,,,2669.694279,97.80446253,0.8910726601,2026-04-22T06:26:22+00:00,2026-08-29T14:11:54+00:00,,22.55362998,2,25.19699404,6.081308153,5.987230261,11.56596409,0.4706537891,0.48,2026-04-18,61.25242012,0.4099823618,2026-04-17,-42.80634164,"{""ambiguous_equal_source_timestamp_order"": 4029, ""archive_gap_after_book_initialization"": 8, ""archive_hour_missing_at_entry"": 36, ""ask_source_age_over_30s"": 947, ""below_minimum_order_shares"": 22390, ""exchange_maintenance_pause"": 1, ""future_source_timestamp_at_entry"": 3, ""missing_official_outcome_or_resolution_time"": 11, ""native_ask_bbo_reconciliation_mismatch"": 671, ""no_native_book_snapshot"": 8379, ""no_positive_net_expected_value"": 1646, ""no_priceable_native_ask_side"": 11624}",continuous_mixed_regime_estimate,fee=market_schedule_with_historical_collection_unit|ask_age<=30s|release=60s|exec=full_ladder_snapshot_upper_bound,continuous_mixed_regime_estimate,historical schedule estimate; pre-upgrade fee math is unresolved
free_cash_5pct_cap_none,,market_schedule_with_historical_collection_unit,30,60,full_ladder_snapshot_upper_bound,100,25.19699404,-74.80300596,-74.80300596,439,49745,,,,,2669.694279,97.80446253,0.8910726601,2026-04-22T06:26:22+00:00,2026-08-29T14:11:54+00:00,,22.55362998,2,25.19699404,6.081308153,5.987230261,11.56596409,0.4706537891,0.48,2026-04-18,61.25242012,0.4099823618,2026-04-17,-42.80634164,"{""ambiguous_equal_source_timestamp_order"": 4029, ""archive_gap_after_book_initialization"": 8, ""archive_hour_missing_at_entry"": 36, ""ask_source_age_over_30s"": 947, ""below_minimum_order_shares"": 22390, ""exchange_maintenance_pause"": 1, ""future_source_timestamp_at_entry"": 3, ""missing_official_outcome_or_resolution_time"": 11, ""native_ask_bbo_reconciliation_mismatch"": 671, ""no_native_book_snapshot"": 8379, ""no_positive_net_expected_value"": 1646, ""no_priceable_native_ask_side"": 11624}",continuous_mixed_regime_estimate,fee=market_schedule_with_historical_collection_unit|ask_age<=30s|release=60s|exec=full_ladder_snapshot_upper_bound,continuous_mixed_regime_estimate,historical schedule estimate; pre-upgrade fee math is unresolved
fixed_5_usd,,market_schedule_with_historical_collection_unit,1,60,full_ladder_snapshot_upper_bound,100,4.969070323,-95.03092968,-95.03092968,284,46218,2026-05-05T22:19:01+00:00,0xad1e37790303922fa83c749f8e563547f8c2a2031ccdf4f645fe5216e7f77547,4.969070323,5.1925,1420,52.38071,0.9704979372,2026-04-30T04:41:54+00:00,2026-05-05T20:36:18+00:00,,10,2,4.969070323,5,5,5,0.4730254172,0.48,2026-04-28,51.11436067,0.7971332919,2026-05-05,-77.99232097,"{""ambiguous_equal_source_timestamp_order"": 3513, ""archive_gap_after_book_initialization"": 8, ""archive_hour_missing_at_entry"": 36, ""ask_source_age_over_1s"": 1979, ""future_source_timestamp_at_entry"": 3, ""insufficient_free_cash_for_cash_debit"": 7086, ""missing_official_outcome_or_resolution_time"": 11, ""native_ask_bbo_reconciliation_mismatch"": 452, ""no_native_book_snapshot"": 8379, ""no_positive_net_expected_value"": 22844, ""no_priceable_native_ask_side"": 1907}",post_upgrade_confirmed_fee_segment,fee=market_schedule_with_historical_collection_unit|ask_age<=1s|release=60s|exec=full_ladder_snapshot_upper_bound,post_upgrade_confirmed_fee_segment,V2 collection unit and formula confirmed; historical rate/exponent are from current Gamma capture and remain unverified
free_cash_5pct_cap5,5,market_schedule_with_historical_collection_unit,1,60,full_ladder_snapshot_upper_bound,100,24.98139614,-75.01860386,-75.01860386,290,46212,,,,,1248.47267,46.59228,0.8516819709,2026-04-30T04:41:54+00:00,2026-08-29T14:11:54+00:00,,10,2,24.98139614,4.305078172,5,5,0.4593517215,0.4788297594,2026-04-28,51.11436067,0.919731858,2026-05-01,-37.53422734,"{""ambiguous_equal_source_timestamp_order"": 3513, ""archive_gap_after_book_initialization"": 8, ""archive_hour_missing_at_entry"": 36, ""ask_source_age_over_1s"": 1979, ""below_minimum_order_shares"": 21077, ""future_source_timestamp_at_entry"": 3, ""missing_official_outcome_or_resolution_time"": 11, ""native_ask_bbo_reconciliation_mismatch"": 452, ""no_native_book_snapshot"": 8379, ""no_positive_net_expected_value"": 883, ""no_priceable_native_ask_side"": 9871}",post_upgrade_confirmed_fee_segment,fee=market_schedule_with_historical_collection_unit|ask_age<=1s|release=60s|exec=full_ladder_snapshot_upper_bound,post_upgrade_confirmed_fee_segment,V2 collection unit and formula confirmed; historical rate/exponent are from current Gamma capture and remain unverified
free_cash_5pct_cap10,10,market_schedule_with_historical_collection_unit,1,60,full_ladder_snapshot_upper_bound,100,25.07910322,-74.92089678,-74.92089678,287,46215,,,,,1471.481087,54.77819,0.8706194815,2026-04-30T04:41:54+00:00,2026-08-29T14:11:54+00:00,,17.67517698,2,25.07910322,5.127111801,4.552870364,9.69199363,0.4590967433,0.4763510485,2026-04-28,58.7883586,0.8314109403,2026-05-01,-47.6791697,"{""ambiguous_equal_source_timestamp_order"": 3513, ""archive_gap_after_book_initialization"": 8, ""archive_hour_missing_at_entry"": 36, ""ask_source_age_over_1s"": 1979, ""below_minimum_order_shares"": 21078, ""future_source_timestamp_at_entry"": 3, ""missing_official_outcome_or_resolution_time"": 11, ""native_ask_bbo_reconciliation_mismatch"": 452, ""no_native_book_snapshot"": 8379, ""no_positive_net_expected_value"": 866, ""no_priceable_native_ask_side"": 9890}",post_upgrade_confirmed_fee_segment,fee=market_schedule_with_historical_collection_unit|ask_age<=1s|release=60s|exec=full_ladder_snapshot_upper_bound,post_upgrade_confirmed_fee_segment,V2 collection unit and formula confirmed; historical rate/exponent are from current Gamma capture and remain unverified
free_cash_5pct_cap15,15,market_schedule_with_historical_collection_unit,1,60,full_ladder_snapshot_upper_bound,100,25.07910322,-74.92089678,-74.92089678,287,46215,,,,,1471.481087,54.77819,0.8706194815,2026-04-30T04:41:54+00:00,2026-08-29T14:11:54+00:00,,17.67517698,2,25.07910322,5.127111801,4.552870364,9.69199363,0.4590967433,0.4763510485,2026-04-28,58.7883586,0.8314109403,2026-05-01,-47.6791697,"{""ambiguous_equal_source_timestamp_order"": 3513, ""archive_gap_after_book_initialization"": 8, ""archive_hour_missing_at_entry"": 36, ""ask_source_age_over_1s"": 1979, ""below_minimum_order_shares"": 21078, ""future_source_timestamp_at_entry"": 3, ""missing_official_outcome_or_resolution_time"": 11, ""native_ask_bbo_reconciliation_mismatch"": 452, ""no_native_book_snapshot"": 8379, ""no_positive_net_expected_value"": 866, ""no_priceable_native_ask_side"": 9890}",post_upgrade_confirmed_fee_segment,fee=market_schedule_with_historical_collection_unit|ask_age<=1s|release=60s|exec=full_ladder_snapshot_upper_bound,post_upgrade_confirmed_fee_segment,V2 collection unit and formula confirmed; historical rate/exponent are from current Gamma capture and remain unverified
free_cash_5pct_cap20,20,market_schedule_with_historical_collection_unit,1,60,full_ladder_snapshot_upper_bound,100,25.07910322,-74.92089678,-74.92089678,287,46215,,,,,1471.481087,54.77819,0.8706194815,2026-04-30T04:41:54+00:00,2026-08-29T14:11:54+00:00,,17.67517698,2,25.07910322,5.127111801,4.552870364,9.69199363,0.4590967433,0.4763510485,2026-04-28,58.7883586,0.8314109403,2026-05-01,-47.6791697,"{""ambiguous_equal_source_timestamp_order"": 3513, ""archive_gap_after_book_initialization"": 8, ""archive_hour_missing_at_entry"": 36, ""ask_source_age_over_1s"": 1979, ""below_minimum_order_shares"": 21078, ""future_source_timestamp_at_entry"": 3, ""missing_official_outcome_or_resolution_time"": 11, ""native_ask_bbo_reconciliation_mismatch"": 452, ""no_native_book_snapshot"": 8379, ""no_positive_net_expected_value"": 866, ""no_priceable_native_ask_side"": 9890}",post_upgrade_confirmed_fee_segment,fee=market_schedule_with_historical_collection_unit|ask_age<=1s|release=60s|exec=full_ladder_snapshot_upper_bound,post_upgrade_confirmed_fee_segment,V2 collection unit and formula confirmed; historical rate/exponent are from current Gamma capture and remain unverified
free_cash_5pct_cap30,30,market_schedule_with_historical_collection_unit,1,60,full_ladder_snapshot_upper_bound,100,25.07910322,-74.92089678,-74.92089678,287,46215,,,,,1471.481087,54.77819,0.8706194815,2026-04-30T04:41:54+00:00,2026-08-29T14:11:54+00:00,,17.67517698,2,25.07910322,5.127111801,4.552870364,9.69199363,0.4590967433,0.4763510485,2026-04-28,58.7883586,0.8314109403,2026-05-01,-47.6791697,"{""ambiguous_equal_source_timestamp_order"": 3513, ""archive_gap_after_book_initialization"": 8, ""archive_hour_missing_at_entry"": 36, ""ask_source_age_over_1s"": 1979, ""below_minimum_order_shares"": 21078, ""future_source_timestamp_at_entry"": 3, ""missing_official_outcome_or_resolution_time"": 11, ""native_ask_bbo_reconciliation_mismatch"": 452, ""no_native_book_snapshot"": 8379, ""no_positive_net_expected_value"": 866, ""no_priceable_native_ask_side"": 9890}",post_upgrade_confirmed_fee_segment,fee=market_schedule_with_historical_collection_unit|ask_age<=1s|release=60s|exec=full_ladder_snapshot_upper_bound,post_upgrade_confirmed_fee_segment,V2 collection unit and formula confirmed; historical rate/exponent are from current Gamma capture and remain unverified
free_cash_5pct_cap50,50,market_schedule_with_historical_collection_unit,1,60,full_ladder_snapshot_upper_bound,100,25.07910322,-74.92089678,-74.92089678,287,46215,,,,,1471.481087,54.77819,0.8706194815,2026-04-30T04:41:54+00:00,2026-08-29T14:11:54+00:00,,17.67517698,2,25.07910322,5.127111801,4.552870364,9.69199363,0.4590967433,0.4763510485,2026-04-28,58.7883586,0.8314109403,2026-05-01,-47.6791697,"{""ambiguous_equal_source_timestamp_order"": 3513, ""archive_gap_after_book_initialization"": 8, ""archive_hour_missing_at_entry"": 36, ""ask_source_age_over_1s"": 1979, ""below_minimum_order_shares"": 21078, ""future_source_timestamp_at_entry"": 3, ""missing_official_outcome_or_resolution_time"": 11, ""native_ask_bbo_reconciliation_mismatch"": 452, ""no_native_book_snapshot"": 8379, ""no_positive_net_expected_value"": 866, ""no_priceable_native_ask_side"": 9890}",post_upgrade_confirmed_fee_segment,fee=market_schedule_with_historical_collection_unit|ask_age<=1s|release=60s|exec=full_ladder_snapshot_upper_bound,post_upgrade_confirmed_fee_segment,V2 collection unit and formula confirmed; historical rate/exponent are from current Gamma capture and remain unverified
free_cash_5pct_cap75,75,market_schedule_with_historical_collection_unit,1,60,full_ladder_snapshot_upper_bound,100,25.07910322,-74.92089678,-74.92089678,287,46215,,,,,1471.481087,54.77819,0.8706194815,2026-04-30T04:41:54+00:00,2026-08-29T14:11:54+00:00,,17.67517698,2,25.07910322,5.127111801,4.552870364,9.69199363,0.4590967433,0.4763510485,2026-04-28,58.7883586,0.8314109403,2026-05-01,-47.6791697,"{""ambiguous_equal_source_timestamp_order"": 3513, ""archive_gap_after_book_initialization"": 8, ""archive_hour_missing_at_entry"": 36, ""ask_source_age_over_1s"": 1979, ""below_minimum_order_shares"": 21078, ""future_source_timestamp_at_entry"": 3, ""missing_official_outcome_or_resolution_time"": 11, ""native_ask_bbo_reconciliation_mismatch"": 452, ""no_native_book_snapshot"": 8379, ""no_positive_net_expected_value"": 866, ""no_priceable_native_ask_side"": 9890}",post_upgrade_confirmed_fee_segment,fee=market_schedule_with_historical_collection_unit|ask_age<=1s|release=60s|exec=full_ladder_snapshot_upper_bound,post_upgrade_confirmed_fee_segment,V2 collection unit and formula confirmed; historical rate/exponent are from current Gamma capture and remain unverified
free_cash_5pct_cap100,100,market_schedule_with_historical_collection_unit,1,60,full_ladder_snapshot_upper_bound,100,25.07910322,-74.92089678,-74.92089678,287,46215,,,,,1471.481087,54.77819,0.8706194815,2026-04-30T04:41:54+00:00,2026-08-29T14:11:54+00:00,,17.67517698,2,25.07910322,5.127111801,4.552870364,9.69199363,0.4590967433,0.4763510485,2026-04-28,58.7883586,0.8314109403,2026-05-01,-47.6791697,"{""ambiguous_equal_source_timestamp_order"": 3513, ""archive_gap_after_book_initialization"": 8, ""archive_hour_missing_at_entry"": 36, ""ask_source_age_over_1s"": 1979, ""below_minimum_order_shares"": 21078, ""future_source_timestamp_at_entry"": 3, ""missing_official_outcome_or_resolution_time"": 11, ""native_ask_bbo_reconciliation_mismatch"": 452, ""no_native_book_snapshot"": 8379, ""no_positive_net_expected_value"": 866, ""no_priceable_native_ask_side"": 9890}",post_upgrade_confirmed_fee_segment,fee=market_schedule_with_historical_collection_unit|ask_age<=1s|release=60s|exec=full_ladder_snapshot_upper_bound,post_upgrade_confirmed_fee_segment,V2 collection unit and formula confirmed; historical rate/exponent are from current Gamma capture and remain unverified
free_cash_5pct_cap_none,,market_schedule_with_historical_collection_unit,1,60,full_ladder_snapshot_upper_bound,100,25.07910322,-74.92089678,-74.92089678,287,46215,,,,,1471.481087,54.77819,0.8706194815,2026-04-30T04:41:54+00:00,2026-08-29T14:11:54+00:00,,17.67517698,2,25.07910322,5.127111801,4.552870364,9.69199363,0.4590967433,0.4763510485,2026-04-28,58.7883586,0.8314109403,2026-05-01,-47.6791697,"{""ambiguous_equal_source_timestamp_order"": 3513, ""archive_gap_after_book_initialization"": 8, ""archive_hour_missing_at_entry"": 36, ""ask_source_age_over_1s"": 1979, ""below_minimum_order_shares"": 21078, ""future_source_timestamp_at_entry"": 3, ""missing_official_outcome_or_resolution_time"": 11, ""native_ask_bbo_reconciliation_mismatch"": 452, ""no_native_book_snapshot"": 8379, ""no_positive_net_expected_value"": 866, ""no_priceable_native_ask_side"": 9890}",post_upgrade_confirmed_fee_segment,fee=market_schedule_with_historical_collection_unit|ask_age<=1s|release=60s|exec=full_ladder_snapshot_upper_bound,post_upgrade_confirmed_fee_segment,V2 collection unit and formula confirmed; historical rate/exponent are from current Gamma capture and remain unverified
fixed_5_usd,,market_schedule_with_historical_collection_unit,5,60,full_ladder_snapshot_upper_bound,100,0.2519376061,-99.74806239,-99.74806239,299,46203,2026-05-06T02:14:01+00:00,0xd914f84c4a73f5429a1bb35fefead4b4f398abf30abc21464de265fbbe30a8bf,0.2519376061,5.175,1495,55.093,0.9985042113,2026-04-30T04:41:54+00:00,2026-05-06T02:16:20+00:00,,10,2,0.2519376061,5,5,5,0.4735445041,0.48,2026-04-28,51.11436067,0.7971332919,2026-05-05,-88.36682097,"{""ambiguous_equal_source_timestamp_order"": 3513, ""archive_gap_after_book_initialization"": 8, ""archive_hour_missing_at_entry"": 36, ""ask_source_age_over_5s"": 1446, ""future_source_timestamp_at_entry"": 3, ""insufficient_free_cash_for_cash_debit"": 7225, ""missing_official_outcome_or_resolution_time"": 11, ""native_ask_bbo_reconciliation_mismatch"": 465, ""no_native_book_snapshot"": 8379, ""no_positive_net_expected_value"": 23329, ""no_priceable_native_ask_side"": 1788}",post_upgrade_confirmed_fee_segment,fee=market_schedule_with_historical_collection_unit|ask_age<=5s|release=60s|exec=full_ladder_snapshot_upper_bound,post_upgrade_confirmed_fee_segment,V2 collection unit and formula confirmed; historical rate/exponent are from current Gamma capture and remain unverified
free_cash_5pct_cap5,5,market_schedule_with_historical_collection_unit,5,60,full_ladder_snapshot_upper_bound,100,25.65952236,-74.34047764,-74.34047764,337,46165,,,,,1427.953211,53.19377,0.847655841,2026-04-30T04:41:54+00:00,2026-08-08T21:32:25+00:00,,10,2,25.65952236,4.237249883,4.735039777,5,0.4617157817,0.48,2026-04-28,51.11436067,0.919731858,2026-05-01,-37.53422734,"{""ambiguous_equal_source_timestamp_order"": 3513, ""archive_gap_after_book_initialization"": 8, ""archive_hour_missing_at_entry"": 36, ""ask_source_age_over_5s"": 1446, ""below_minimum_order_shares"": 21598, ""future_source_timestamp_at_entry"": 3, ""missing_official_outcome_or_resolution_time"": 11, ""native_ask_bbo_reconciliation_mismatch"": 465, ""no_native_book_snapshot"": 8379, ""no_positive_net_expected_value"": 1010, ""no_priceable_native_ask_side"": 9696}",post_upgrade_confirmed_fee_segment,fee=market_schedule_with_historical_collection_unit|ask_age<=5s|release=60s|exec=full_ladder_snapshot_upper_bound,post_upgrade_confirmed_fee_segment,V2 collection unit and formula confirmed; historical rate/exponent are from current Gamma capture and remain unverified
free_cash_5pct_cap10,10,market_schedule_with_historical_collection_unit,5,60,full_ladder_snapshot_upper_bound,100,25.61823338,-74.38176662,-74.38176662,332,46170,,,,,1645.329817,61.16336,0.8678381644,2026-04-30T04:41:54+00:00,2026-08-08T21:32:25+00:00,,17.67517698,2,25.61823338,4.955812702,4.337761897,9.69199363,0.4615363286,0.4785538561,2026-04-28,58.7883586,0.8314109403,2026-05-01,-47.6791697,"{""ambiguous_equal_source_timestamp_order"": 3513, ""archive_gap_after_book_initialization"": 8, ""archive_hour_missing_at_entry"": 36, ""ask_source_age_over_5s"": 1446, ""below_minimum_order_shares"": 21601, ""future_source_timestamp_at_entry"": 3, ""missing_official_outcome_or_resolution_time"": 11, ""native_ask_bbo_reconciliation_mismatch"": 465, ""no_native_book_snapshot"": 8379, ""no_positive_net_expected_value"": 995, ""no_priceable_native_ask_side"": 9713}",post_upgrade_confirmed_fee_segment,fee=market_schedule_with_historical_collection_unit|ask_age<=5s|release=60s|exec=full_ladder_snapshot_upper_bound,post_upgrade_confirmed_fee_segment,V2 collection unit and formula confirmed; historical rate/exponent are from current Gamma capture and remain unverified
free_cash_5pct_cap15,15,market_schedule_with_historical_collection_unit,5,60,full_ladder_snapshot_upper_bound,100,25.61823338,-74.38176662,-74.38176662,332,46170,,,,,1645.329817,61.16336,0.8678381644,2026-04-30T04:41:54+00:00,2026-08-08T21:32:25+00:00,,17.67517698,2,25.61823338,4.955812702,4.337761897,9.69199363,0.4615363286,0.4785538561,2026-04-28,58.7883586,0.8314109403,2026-05-01,-47.6791697,"{""ambiguous_equal_source_timestamp_order"": 3513, ""archive_gap_after_book_initialization"": 8, ""archive_hour_missing_at_entry"": 36, ""ask_source_age_over_5s"": 1446, ""below_minimum_order_shares"": 21601, ""future_source_timestamp_at_entry"": 3, ""missing_official_outcome_or_resolution_time"": 11, ""native_ask_bbo_reconciliation_mismatch"": 465, ""no_native_book_snapshot"": 8379, ""no_positive_net_expected_value"": 995, ""no_priceable_native_ask_side"": 9713}",post_upgrade_confirmed_fee_segment,fee=market_schedule_with_historical_collection_unit|ask_age<=5s|release=60s|exec=full_ladder_snapshot_upper_bound,post_upgrade_confirmed_fee_segment,V2 collection unit and formula confirmed; historical rate/exponent are from current Gamma capture and remain unverified
free_cash_5pct_cap20,20,market_schedule_with_historical_collection_unit,5,60,full_ladder_snapshot_upper_bound,100,25.61823338,-74.38176662,-74.38176662,332,46170,,,,,1645.329817,61.16336,0.8678381644,2026-04-30T04:41:54+00:00,2026-08-08T21:32:25+00:00,,17.67517698,2,25.61823338,4.955812702,4.337761897,9.69199363,0.4615363286,0.4785538561,2026-04-28,58.7883586,0.8314109403,2026-05-01,-47.6791697,"{""ambiguous_equal_source_timestamp_order"": 3513, ""archive_gap_after_book_initialization"": 8, ""archive_hour_missing_at_entry"": 36, ""ask_source_age_over_5s"": 1446, ""below_minimum_order_shares"": 21601, ""future_source_timestamp_at_entry"": 3, ""missing_official_outcome_or_resolution_time"": 11, ""native_ask_bbo_reconciliation_mismatch"": 465, ""no_native_book_snapshot"": 8379, ""no_positive_net_expected_value"": 995, ""no_priceable_native_ask_side"": 9713}",post_upgrade_confirmed_fee_segment,fee=market_schedule_with_historical_collection_unit|ask_age<=5s|release=60s|exec=full_ladder_snapshot_upper_bound,post_upgrade_confirmed_fee_segment,V2 collection unit and formula confirmed; historical rate/exponent are from current Gamma capture and remain unverified
free_cash_5pct_cap30,30,market_schedule_with_historical_collection_unit,5,60,full_ladder_snapshot_upper_bound,100,25.61823338,-74.38176662,-74.38176662,332,46170,,,,,1645.329817,61.16336,0.8678381644,2026-04-30T04:41:54+00:00,2026-08-08T21:32:25+00:00,,17.67517698,2,25.61823338,4.955812702,4.337761897,9.69199363,0.4615363286,0.4785538561,2026-04-28,58.7883586,0.8314109403,2026-05-01,-47.6791697,"{""ambiguous_equal_source_timestamp_order"": 3513, ""archive_gap_after_book_initialization"": 8, ""archive_hour_missing_at_entry"": 36, ""ask_source_age_over_5s"": 1446, ""below_minimum_order_shares"": 21601, ""future_source_timestamp_at_entry"": 3, ""missing_official_outcome_or_resolution_time"": 11, ""native_ask_bbo_reconciliation_mismatch"": 465, ""no_native_book_snapshot"": 8379, ""no_positive_net_expected_value"": 995, ""no_priceable_native_ask_side"": 9713}",post_upgrade_confirmed_fee_segment,fee=market_schedule_with_historical_collection_unit|ask_age<=5s|release=60s|exec=full_ladder_snapshot_upper_bound,post_upgrade_confirmed_fee_segment,V2 collection unit and formula confirmed; historical rate/exponent are from current Gamma capture and remain unverified
free_cash_5pct_cap50,50,market_schedule_with_historical_collection_unit,5,60,full_ladder_snapshot_upper_bound,100,25.61823338,-74.38176662,-74.38176662,332,46170,,,,,1645.329817,61.16336,0.8678381644,2026-04-30T04:41:54+00:00,2026-08-08T21:32:25+00:00,,17.67517698,2,25.61823338,4.955812702,4.337761897,9.69199363,0.4615363286,0.4785538561,2026-04-28,58.7883586,0.8314109403,2026-05-01,-47.6791697,"{""ambiguous_equal_source_timestamp_order"": 3513, ""archive_gap_after_book_initialization"": 8, ""archive_hour_missing_at_entry"": 36, ""ask_source_age_over_5s"": 1446, ""below_minimum_order_shares"": 21601, ""future_source_timestamp_at_entry"": 3, ""missing_official_outcome_or_resolution_time"": 11, ""native_ask_bbo_reconciliation_mismatch"": 465, ""no_native_book_snapshot"": 8379, ""no_positive_net_expected_value"": 995, ""no_priceable_native_ask_side"": 9713}",post_upgrade_confirmed_fee_segment,fee=market_schedule_with_historical_collection_unit|ask_age<=5s|release=60s|exec=full_ladder_snapshot_upper_bound,post_upgrade_confirmed_fee_segment,V2 collection unit and formula confirmed; historical rate/exponent are from current Gamma capture and remain unverified
free_cash_5pct_cap75,75,market_schedule_with_historical_collection_unit,5,60,full_ladder_snapshot_upper_bound,100,25.61823338,-74.38176662,-74.38176662,332,46170,,,,,1645.329817,61.16336,0.8678381644,2026-04-30T04:41:54+00:00,2026-08-08T21:32:25+00:00,,17.67517698,2,25.61823338,4.955812702,4.337761897,9.69199363,0.4615363286,0.4785538561,2026-04-28,58.7883586,0.8314109403,2026-05-01,-47.6791697,"{""ambiguous_equal_source_timestamp_order"": 3513, ""archive_gap_after_book_initialization"": 8, ""archive_hour_missing_at_entry"": 36, ""ask_source_age_over_5s"": 1446, ""below_minimum_order_shares"": 21601, ""future_source_timestamp_at_entry"": 3, ""missing_official_outcome_or_resolution_time"": 11, ""native_ask_bbo_reconciliation_mismatch"": 465, ""no_native_book_snapshot"": 8379, ""no_positive_net_expected_value"": 995, ""no_priceable_native_ask_side"": 9713}",post_upgrade_confirmed_fee_segment,fee=market_schedule_with_historical_collection_unit|ask_age<=5s|release=60s|exec=full_ladder_snapshot_upper_bound,post_upgrade_confirmed_fee_segment,V2 collection unit and formula confirmed; historical rate/exponent are from current Gamma capture and remain unverified
free_cash_5pct_cap100,100,market_schedule_with_historical_collection_unit,5,60,full_ladder_snapshot_upper_bound,100,25.61823338,-74.38176662,-74.38176662,332,46170,,,,,1645.329817,61.16336,0.8678381644,2026-04-30T04:41:54+00:00,2026-08-08T21:32:25+00:00,,17.67517698,2,25.61823338,4.955812702,4.337761897,9.69199363,0.4615363286,0.4785538561,2026-04-28,58.7883586,0.8314109403,2026-05-01,-47.6791697,"{""ambiguous_equal_source_timestamp_order"": 3513, ""archive_gap_after_book_initialization"": 8, ""archive_hour_missing_at_entry"": 36, ""ask_source_age_over_5s"": 1446, ""below_minimum_order_shares"": 21601, ""future_source_timestamp_at_entry"": 3, ""missing_official_outcome_or_resolution_time"": 11, ""native_ask_bbo_reconciliation_mismatch"": 465, ""no_native_book_snapshot"": 8379, ""no_positive_net_expected_value"": 995, ""no_priceable_native_ask_side"": 9713}",post_upgrade_confirmed_fee_segment,fee=market_schedule_with_historical_collection_unit|ask_age<=5s|release=60s|exec=full_ladder_snapshot_upper_bound,post_upgrade_confirmed_fee_segment,V2 collection unit and formula confirmed; historical rate/exponent are from current Gamma capture and remain unverified
free_cash_5pct_cap_none,,market_schedule_with_historical_collection_unit,5,60,full_ladder_snapshot_upper_bound,100,25.61823338,-74.38176662,-74.38176662,332,46170,,,,,1645.329817,61.16336,0.8678381644,2026-04-30T04:41:54+00:00,2026-08-08T21:32:25+00:00,,17.67517698,2,25.61823338,4.955812702,4.337761897,9.69199363,0.4615363286,0.4785538561,2026-04-28,58.7883586,0.8314109403,2026-05-01,-47.6791697,"{""ambiguous_equal_source_timestamp_order"": 3513, ""archive_gap_after_book_initialization"": 8, ""archive_hour_missing_at_entry"": 36, ""ask_source_age_over_5s"": 1446, ""below_minimum_order_shares"": 21601, ""future_source_timestamp_at_entry"": 3, ""missing_official_outcome_or_resolution_time"": 11, ""native_ask_bbo_reconciliation_mismatch"": 465, ""no_native_book_snapshot"": 8379, ""no_positive_net_expected_value"": 995, ""no_priceable_native_ask_side"": 9713}",post_upgrade_confirmed_fee_segment,fee=market_schedule_with_historical_collection_unit|ask_age<=5s|release=60s|exec=full_ladder_snapshot_upper_bound,post_upgrade_confirmed_fee_segment,V2 collection unit and formula confirmed; historical rate/exponent are from current Gamma capture and remain unverified
fixed_5_usd,,market_schedule_with_historical_collection_unit,30,60,full_ladder_snapshot_upper_bound,100,0.8802893068,-99.11971069,-99.11971069,291,46211,2026-05-05T15:24:01+00:00,0x2492d2488fc51f510bd89d991f2c79953ddf5e2127e05661d6d4fc0778c18359,0.8802893068,5.175,1455,53.7189,0.9947735998,2026-04-30T04:41:54+00:00,2026-05-05T13:21:22+00:00,,10,2,0.8802893068,5,5,5,0.4725630693,0.48,2026-04-28,51.11436067,0.7971332919,2026-05-05,-67.29059926,"{""ambiguous_equal_source_timestamp_order"": 3513, ""archive_gap_after_book_initialization"": 8, ""archive_hour_missing_at_entry"": 36, ""ask_source_age_over_30s"": 944, ""future_source_timestamp_at_entry"": 3, ""insufficient_free_cash_for_cash_debit"": 7396, ""missing_official_outcome_or_resolution_time"": 11, ""native_ask_bbo_reconciliation_mismatch"": 472, ""no_native_book_snapshot"": 8379, ""no_positive_net_expected_value"": 23759, ""no_priceable_native_ask_side"": 1690}",post_upgrade_confirmed_fee_segment,fee=market_schedule_with_historical_collection_unit|ask_age<=30s|release=60s|exec=full_ladder_snapshot_upper_bound,post_upgrade_confirmed_fee_segment,V2 collection unit and formula confirmed; historical rate/exponent are from current Gamma capture and remain unverified
free_cash_5pct_cap5,5,market_schedule_with_historical_collection_unit,30,60,full_ladder_snapshot_upper_bound,100,25.72860389,-74.27139611,-74.27139611,333,46169,,,,,1364.948352,50.94089,0.8472456944,2026-04-30T04:41:54+00:00,2026-08-08T21:32:25+00:00,,10,2,25.72860389,4.098944001,4.707722163,5,0.4606857672,0.4755488626,2026-04-28,51.11436067,0.919731858,2026-05-01,-37.53422734,"{""ambiguous_equal_source_timestamp_order"": 3513, ""archive_gap_after_book_initialization"": 8, ""archive_hour_missing_at_entry"": 36, ""ask_source_age_over_30s"": 944, ""below_minimum_order_shares"": 22125, ""future_source_timestamp_at_entry"": 3, ""missing_official_outcome_or_resolution_time"": 11, ""native_ask_bbo_reconciliation_mismatch"": 472, ""no_native_book_snapshot"": 8379, ""no_positive_net_expected_value"": 994, ""no_priceable_native_ask_side"": 9684}",post_upgrade_confirmed_fee_segment,fee=market_schedule_with_historical_collection_unit|ask_age<=30s|release=60s|exec=full_ladder_snapshot_upper_bound,post_upgrade_confirmed_fee_segment,V2 collection unit and formula confirmed; historical rate/exponent are from current Gamma capture and remain unverified
free_cash_5pct_cap10,10,market_schedule_with_historical_collection_unit,30,60,full_ladder_snapshot_upper_bound,100,25.72264055,-74.27735945,-74.27735945,332,46170,,,,,1589.882301,59.18111,0.8672995385,2026-04-30T04:41:54+00:00,2026-08-08T21:32:25+00:00,,17.67517698,2,25.72264055,4.788802111,4.284595197,9.69199363,0.4607749987,0.4767288446,2026-04-28,58.7883586,0.8314109403,2026-05-01,-47.6791697,"{""ambiguous_equal_source_timestamp_order"": 3513, ""archive_gap_after_book_initialization"": 8, ""archive_hour_missing_at_entry"": 36, ""ask_source_age_over_30s"": 944, ""below_minimum_order_shares"": 22134, ""future_source_timestamp_at_entry"": 3, ""missing_official_outcome_or_resolution_time"": 11, ""native_ask_bbo_reconciliation_mismatch"": 472, ""no_native_book_snapshot"": 8379, ""no_positive_net_expected_value"": 967, ""no_priceable_native_ask_side"": 9703}",post_upgrade_confirmed_fee_segment,fee=market_schedule_with_historical_collection_unit|ask_age<=30s|release=60s|exec=full_ladder_snapshot_upper_bound,post_upgrade_confirmed_fee_segment,V2 collection unit and formula confirmed; historical rate/exponent are from current Gamma capture and remain unverified
free_cash_5pct_cap15,15,market_schedule_with_historical_collection_unit,30,60,full_ladder_snapshot_upper_bound,100,25.72264055,-74.27735945,-74.27735945,332,46170,,,,,1589.882301,59.18111,0.8672995385,2026-04-30T04:41:54+00:00,2026-08-08T21:32:25+00:00,,17.67517698,2,25.72264055,4.788802111,4.284595197,9.69199363,0.4607749987,0.4767288446,2026-04-28,58.7883586,0.8314109403,2026-05-01,-47.6791697,"{""ambiguous_equal_source_timestamp_order"": 3513, ""archive_gap_after_book_initialization"": 8, ""archive_hour_missing_at_entry"": 36, ""ask_source_age_over_30s"": 944, ""below_minimum_order_shares"": 22134, ""future_source_timestamp_at_entry"": 3, ""missing_official_outcome_or_resolution_time"": 11, ""native_ask_bbo_reconciliation_mismatch"": 472, ""no_native_book_snapshot"": 8379, ""no_positive_net_expected_value"": 967, ""no_priceable_native_ask_side"": 9703}",post_upgrade_confirmed_fee_segment,fee=market_schedule_with_historical_collection_unit|ask_age<=30s|release=60s|exec=full_ladder_snapshot_upper_bound,post_upgrade_confirmed_fee_segment,V2 collection unit and formula confirmed; historical rate/exponent are from current Gamma capture and remain unverified
free_cash_5pct_cap20,20,market_schedule_with_historical_collection_unit,30,60,full_ladder_snapshot_upper_bound,100,25.72264055,-74.27735945,-74.27735945,332,46170,,,,,1589.882301,59.18111,0.8672995385,2026-04-30T04:41:54+00:00,2026-08-08T21:32:25+00:00,,17.67517698,2,25.72264055,4.788802111,4.284595197,9.69199363,0.4607749987,0.4767288446,2026-04-28,58.7883586,0.8314109403,2026-05-01,-47.6791697,"{""ambiguous_equal_source_timestamp_order"": 3513, ""archive_gap_after_book_initialization"": 8, ""archive_hour_missing_at_entry"": 36, ""ask_source_age_over_30s"": 944, ""below_minimum_order_shares"": 22134, ""future_source_timestamp_at_entry"": 3, ""missing_official_outcome_or_resolution_time"": 11, ""native_ask_bbo_reconciliation_mismatch"": 472, ""no_native_book_snapshot"": 8379, ""no_positive_net_expected_value"": 967, ""no_priceable_native_ask_side"": 9703}",post_upgrade_confirmed_fee_segment,fee=market_schedule_with_historical_collection_unit|ask_age<=30s|release=60s|exec=full_ladder_snapshot_upper_bound,post_upgrade_confirmed_fee_segment,V2 collection unit and formula confirmed; historical rate/exponent are from current Gamma capture and remain unverified
free_cash_5pct_cap30,30,market_schedule_with_historical_collection_unit,30,60,full_ladder_snapshot_upper_bound,100,25.72264055,-74.27735945,-74.27735945,332,46170,,,,,1589.882301,59.18111,0.8672995385,2026-04-30T04:41:54+00:00,2026-08-08T21:32:25+00:00,,17.67517698,2,25.72264055,4.788802111,4.284595197,9.69199363,0.4607749987,0.4767288446,2026-04-28,58.7883586,0.8314109403,2026-05-01,-47.6791697,"{""ambiguous_equal_source_timestamp_order"": 3513, ""archive_gap_after_book_initialization"": 8, ""archive_hour_missing_at_entry"": 36, ""ask_source_age_over_30s"": 944, ""below_minimum_order_shares"": 22134, ""future_source_timestamp_at_entry"": 3, ""missing_official_outcome_or_resolution_time"": 11, ""native_ask_bbo_reconciliation_mismatch"": 472, ""no_native_book_snapshot"": 8379, ""no_positive_net_expected_value"": 967, ""no_priceable_native_ask_side"": 9703}",post_upgrade_confirmed_fee_segment,fee=market_schedule_with_historical_collection_unit|ask_age<=30s|release=60s|exec=full_ladder_snapshot_upper_bound,post_upgrade_confirmed_fee_segment,V2 collection unit and formula confirmed; historical rate/exponent are from current Gamma capture and remain unverified
free_cash_5pct_cap50,50,market_schedule_with_historical_collection_unit,30,60,full_ladder_snapshot_upper_bound,100,25.72264055,-74.27735945,-74.27735945,332,46170,,,,,1589.882301,59.18111,0.8672995385,2026-04-30T04:41:54+00:00,2026-08-08T21:32:25+00:00,,17.67517698,2,25.72264055,4.788802111,4.284595197,9.69199363,0.4607749987,0.4767288446,2026-04-28,58.7883586,0.8314109403,2026-05-01,-47.6791697,"{""ambiguous_equal_source_timestamp_order"": 3513, ""archive_gap_after_book_initialization"": 8, ""archive_hour_missing_at_entry"": 36, ""ask_source_age_over_30s"": 944, ""below_minimum_order_shares"": 22134, ""future_source_timestamp_at_entry"": 3, ""missing_official_outcome_or_resolution_time"": 11, ""native_ask_bbo_reconciliation_mismatch"": 472, ""no_native_book_snapshot"": 8379, ""no_positive_net_expected_value"": 967, ""no_priceable_native_ask_side"": 9703}",post_upgrade_confirmed_fee_segment,fee=market_schedule_with_historical_collection_unit|ask_age<=30s|release=60s|exec=full_ladder_snapshot_upper_bound,post_upgrade_confirmed_fee_segment,V2 collection unit and formula confirmed; historical rate/exponent are from current Gamma capture and remain unverified
free_cash_5pct_cap75,75,market_schedule_with_historical_collection_unit,30,60,full_ladder_snapshot_upper_bound,100,25.72264055,-74.27735945,-74.27735945,332,46170,,,,,1589.882301,59.18111,0.8672995385,2026-04-30T04:41:54+00:00,2026-08-08T21:32:25+00:00,,17.67517698,2,25.72264055,4.788802111,4.284595197,9.69199363,0.4607749987,0.4767288446,2026-04-28,58.7883586,0.8314109403,2026-05-01,-47.6791697,"{""ambiguous_equal_source_timestamp_order"": 3513, ""archive_gap_after_book_initialization"": 8, ""archive_hour_missing_at_entry"": 36, ""ask_source_age_over_30s"": 944, ""below_minimum_order_shares"": 22134, ""future_source_timestamp_at_entry"": 3, ""missing_official_outcome_or_resolution_time"": 11, ""native_ask_bbo_reconciliation_mismatch"": 472, ""no_native_book_snapshot"": 8379, ""no_positive_net_expected_value"": 967, ""no_priceable_native_ask_side"": 9703}",post_upgrade_confirmed_fee_segment,fee=market_schedule_with_historical_collection_unit|ask_age<=30s|release=60s|exec=full_ladder_snapshot_upper_bound,post_upgrade_confirmed_fee_segment,V2 collection unit and formula confirmed; historical rate/exponent are from current Gamma capture and remain unverified
free_cash_5pct_cap100,100,market_schedule_with_historical_collection_unit,30,60,full_ladder_snapshot_upper_bound,100,25.72264055,-74.27735945,-74.27735945,332,46170,,,,,1589.882301,59.18111,0.8672995385,2026-04-30T04:41:54+00:00,2026-08-08T21:32:25+00:00,,17.67517698,2,25.72264055,4.788802111,4.284595197,9.69199363,0.4607749987,0.4767288446,2026-04-28,58.7883586,0.8314109403,2026-05-01,-47.6791697,"{""ambiguous_equal_source_timestamp_order"": 3513, ""archive_gap_after_book_initialization"": 8, ""archive_hour_missing_at_entry"": 36, ""ask_source_age_over_30s"": 944, ""below_minimum_order_shares"": 22134, ""future_source_timestamp_at_entry"": 3, ""missing_official_outcome_or_resolution_time"": 11, ""native_ask_bbo_reconciliation_mismatch"": 472, ""no_native_book_snapshot"": 8379, ""no_positive_net_expected_value"": 967, ""no_priceable_native_ask_side"": 9703}",post_upgrade_confirmed_fee_segment,fee=market_schedule_with_historical_collection_unit|ask_age<=30s|release=60s|exec=full_ladder_snapshot_upper_bound,post_upgrade_confirmed_fee_segment,V2 collection unit and formula confirmed; historical rate/exponent are from current Gamma capture and remain unverified
free_cash_5pct_cap_none,,market_schedule_with_historical_collection_unit,30,60,full_ladder_snapshot_upper_bound,100,25.72264055,-74.27735945,-74.27735945,332,46170,,,,,1589.882301,59.18111,0.8672995385,2026-04-30T04:41:54+00:00,2026-08-08T21:32:25+00:00,,17.67517698,2,25.72264055,4.788802111,4.284595197,9.69199363,0.4607749987,0.4767288446,2026-04-28,58.7883586,0.8314109403,2026-05-01,-47.6791697,"{""ambiguous_equal_source_timestamp_order"": 3513, ""archive_gap_after_book_initialization"": 8, ""archive_hour_missing_at_entry"": 36, ""ask_source_age_over_30s"": 944, ""below_minimum_order_shares"": 22134, ""future_source_timestamp_at_entry"": 3, ""missing_official_outcome_or_resolution_time"": 11, ""native_ask_bbo_reconciliation_mismatch"": 472, ""no_native_book_snapshot"": 8379, ""no_positive_net_expected_value"": 967, ""no_priceable_native_ask_side"": 9703}",post_upgrade_confirmed_fee_segment,fee=market_schedule_with_historical_collection_unit|ask_age<=30s|release=60s|exec=full_ladder_snapshot_upper_bound,post_upgrade_confirmed_fee_segment,V2 collection unit and formula confirmed; historical rate/exponent are from current Gamma capture and remain unverified
