role,scenario_id,policy,cap_usd,sizing_id,minimum_net_return,exit_policy,sample,common_market_count,outside_common_coverage_count,entry_opportunity_count,trade_count,sold_count,held_to_resolution_count,skip_count,skip_reasons,initial_cash_usd,ending_cash_after_all_releases_usd,ending_locked_cost_basis_usd,net_pnl_usd,trade_pnl_sum_usd,gross_turnover_usd,fees_paid_estimated_usd,maximum_drawdown_cost_basis_equity,maximum_concurrent_cost_basis_exposure_usd,maximum_concurrent_positions,minimum_free_cash_usd,mean_gross_stake_usd,entry_role,entry_scenario_id,common_quote_market_ids,source_quote_freshness_limit_seconds,order_delay_seconds,cash_reuse_after_sale,full_sample_entry_scenario_id
best_active_challenger,fixed_5_usd|edge=0.0800|cap=none,fixed_5_usd,,fixed_5_usd,0.08,hold_to_resolution,common_quote_coverage,963,49221.0,963.0,266,0,266,697,"{""below_minimum_after_cost_return"": 648, ""insufficient_free_cash_for_cash_debit"": 49}",100.0,2.6629226818697616,0.0,-97.33707731813024,-97.33707731813021,1330.0,56.809803690000024,0.9791126287293942,10.0,2.0,0.734517884369863,5.0,best_active_challenger,fixed_5_usd|edge=0.0800|cap=none,963.0,1.0,1.0,available after the sale event; same-timestamp entries are processed before sales,
best_active_challenger,fixed_5_usd|edge=0.0800|cap=none,fixed_5_usd,,fixed_5_usd,0.08,close_at_60s,common_quote_coverage,963,49221.0,963.0,304,137,167,659,"{""below_minimum_after_cost_return"": 648, ""insufficient_free_cash_for_cash_debit"": 11}",100.0,1.465234685879377,0.0,-98.53476531412062,-98.5347653141206,2250.2133625624188,91.22068368999989,0.9908535102355691,10.0,2.0,1.465234685879377,5.0,best_active_challenger,fixed_5_usd|edge=0.0800|cap=none,963.0,1.0,1.0,available after the sale event; same-timestamp entries are processed before sales,
best_active_challenger,fixed_5_usd|edge=0.0800|cap=none,fixed_5_usd,,fixed_5_usd,0.08,close_at_180s,common_quote_coverage,963,49221.0,963.0,152,132,20,811,"{""below_minimum_after_cost_return"": 648, ""insufficient_free_cash_for_cash_debit"": 163}",100.0,1.3052091540000301,0.0,-98.69479084599998,-98.69479084599989,1388.4100322669174,51.30112368999996,0.9883857178367861,5.0,1.0,1.3052091540000301,5.0,best_active_challenger,fixed_5_usd|edge=0.0800|cap=none,963.0,1.0,1.0,available after the sale event; same-timestamp entries are processed before sales,
best_active_challenger,fixed_5_usd|edge=0.0800|cap=none,fixed_5_usd,,fixed_5_usd,0.08,close_at_240s,common_quote_coverage,963,49221.0,963.0,267,134,133,696,"{""below_minimum_after_cost_return"": 648, ""insufficient_free_cash_for_cash_debit"": 48}",100.0,1.827522136815447,0.0,-98.17247786318455,-98.17247786318458,2014.350232914085,71.43447068999997,0.984381862881049,10.0,2.0,1.827522136815447,5.0,best_active_challenger,fixed_5_usd|edge=0.0800|cap=none,963.0,1.0,1.0,available after the sale event; same-timestamp entries are processed before sales,
best_active_challenger,fixed_5_usd|edge=0.0800|cap=none,fixed_5_usd,,fixed_5_usd,0.08,tp10_sl10,common_quote_coverage,963,49221.0,963.0,293,151,142,670,"{""below_minimum_after_cost_return"": 648, ""insufficient_free_cash_for_cash_debit"": 22}",100.0,0.874439776862836,0.0,-99.12556022313717,-99.12556022313723,2249.516194220433,93.68089068999986,0.9942618271321202,10.0,2.0,0.874439776862836,5.0,best_active_challenger,fixed_5_usd|edge=0.0800|cap=none,963.0,1.0,1.0,available after the sale event; same-timestamp entries are processed before sales,
best_active_challenger,fixed_5_usd|edge=0.0800|cap=none,fixed_5_usd,,fixed_5_usd,0.08,tp20_sl20,common_quote_coverage,963,49221.0,963.0,280,151,129,683,"{""below_minimum_after_cost_return"": 648, ""insufficient_free_cash_for_cash_debit"": 35}",100.0,2.8566534256546205,0.0,-97.14334657434537,-97.14334657434536,2165.9918760708006,89.30782868999981,0.9789233918121475,10.0,2.0,2.8566534256546205,5.0,best_active_challenger,fixed_5_usd|edge=0.0800|cap=none,963.0,1.0,1.0,available after the sale event; same-timestamp entries are processed before sales,
,,,,,,hold_to_resolution,full_entry_sample_control,272,,,272,0,272,49912,"{""ambiguous_equal_source_timestamp_order"": 4029, ""archive_gap_after_book_initialization"": 8, ""archive_hour_missing_at_entry"": 36, ""ask_source_age_over_1s"": 1982, ""below_minimum_after_cost_return"": 6998, ""exchange_maintenance_pause"": 1, ""future_source_timestamp_at_entry"": 3, ""insufficient_free_cash_for_cash_debit"": 521, ""missing_official_outcome_or_resolution_time"": 11, ""native_ask_bbo_reconciliation_mismatch"": 650, ""no_native_book_snapshot"": 8379, ""no_positive_net_expected_value"": 24614, ""no_priceable_native_ask_side"": 2680}",,4.839738642065484,,-95.16026135793452,,1360.0,58.01030369000002,0.9620381701061858,,,,,best_active_challenger,fixed_5_usd|edge=0.0800|cap=none,,,,,fixed_5_usd|edge=0.0800|cap=none
fixed_5_control,fixed_5_usd|edge=0.0000|cap=none,fixed_5_usd,,fixed_5_usd,0.0,hold_to_resolution,common_quote_coverage,963,49221.0,963.0,683,0,683,280,"{""insufficient_free_cash_for_cash_debit"": 280}",100.0,0.4251786215566318,0.0,-99.57482137844337,-99.57482137844332,3415.0,129.16094978000035,0.9979980143005113,10.0,2.0,0.4251786215566318,5.0,fixed_5_control,fixed_5_usd|edge=0.0000|cap=none,963.0,1.0,1.0,available after the sale event; same-timestamp entries are processed before sales,
fixed_5_control,fixed_5_usd|edge=0.0000|cap=none,fixed_5_usd,,fixed_5_usd,0.0,close_at_60s,common_quote_coverage,963,49221.0,963.0,349,338,11,614,"{""insufficient_free_cash_for_cash_debit"": 614}",100.0,4.563637533239941,0.0,-95.43636246676006,-95.43636246676024,3375.8389654603125,118.52973664000021,0.9561572047275908,10.0,2.0,2.781300877193429,5.0,fixed_5_control,fixed_5_usd|edge=0.0000|cap=none,963.0,1.0,1.0,available after the sale event; same-timestamp entries are processed before sales,
fixed_5_control,fixed_5_usd|edge=0.0000|cap=none,fixed_5_usd,,fixed_5_usd,0.0,close_at_180s,common_quote_coverage,963,49221.0,963.0,339,315,24,624,"{""insufficient_free_cash_for_cash_debit"": 624}",100.0,0.798824933936457,0.0,-99.20117506606354,-99.20117506606364,3232.5100566021542,98.86223310000013,0.993939677119911,10.0,2.0,0.27942503509924776,5.0,fixed_5_control,fixed_5_usd|edge=0.0000|cap=none,963.0,1.0,1.0,available after the sale event; same-timestamp entries are processed before sales,
fixed_5_control,fixed_5_usd|edge=0.0000|cap=none,fixed_5_usd,,fixed_5_usd,0.0,close_at_240s,common_quote_coverage,963,49221.0,963.0,416,389,27,547,"{""insufficient_free_cash_for_cash_debit"": 547}",100.0,4.295557872206498,0.0,-95.7044421277935,-95.70444212779343,4038.13942256049,113.16855990000026,0.9739575293868933,10.0,2.0,0.3234087786135156,5.0,fixed_5_control,fixed_5_usd|edge=0.0000|cap=none,963.0,1.0,1.0,available after the sale event; same-timestamp entries are processed before sales,
fixed_5_control,fixed_5_usd|edge=0.0000|cap=none,fixed_5_usd,,fixed_5_usd,0.0,tp10_sl10,common_quote_coverage,963,49221.0,963.0,284,280,4,679,"{""insufficient_free_cash_for_cash_debit"": 679}",100.0,3.448094646751814,0.0,-96.55190535324819,-96.5519053532481,2762.854885646752,101.43005913000016,0.9655190535324819,5.0,1.0,0.4203556467518137,5.0,fixed_5_control,fixed_5_usd|edge=0.0000|cap=none,963.0,1.0,1.0,available after the sale event; same-timestamp entries are processed before sales,
fixed_5_control,fixed_5_usd|edge=0.0000|cap=none,fixed_5_usd,,fixed_5_usd,0.0,tp20_sl20,common_quote_coverage,963,49221.0,963.0,312,308,4,651,"{""insufficient_free_cash_for_cash_debit"": 651}",100.0,3.9904399262387984,0.0,-96.00956007376121,-96.00956007376111,3045.72614192624,109.10856581000014,0.960095600737612,5.0,1.0,1.2739084819834794,5.0,fixed_5_control,fixed_5_usd|edge=0.0000|cap=none,963.0,1.0,1.0,available after the sale event; same-timestamp entries are processed before sales,
,,,,,,hold_to_resolution,full_entry_sample_control,683,,,683,0,683,49501,"{""ambiguous_equal_source_timestamp_order"": 4029, ""archive_gap_after_book_initialization"": 8, ""archive_hour_missing_at_entry"": 36, ""ask_source_age_over_1s"": 1982, ""exchange_maintenance_pause"": 1, ""future_source_timestamp_at_entry"": 3, ""insufficient_free_cash_for_cash_debit"": 7108, ""missing_official_outcome_or_resolution_time"": 11, ""native_ask_bbo_reconciliation_mismatch"": 650, ""no_native_book_snapshot"": 8379, ""no_positive_net_expected_value"": 24614, ""no_priceable_native_ask_side"": 2680}",,0.4251786215566318,,-99.57482137844336,,3415.0,129.16094978000035,0.9979980143005112,,,,,fixed_5_control,fixed_5_usd|edge=0.0000|cap=none,,,,,fixed_5_usd|edge=0.0000|cap=none
cap_20_control,free_cash_5pct_cap20|edge=0.0000|cap=20,free_cash_5pct_cap20,20.0,free_cash_5pct_cap20,0.0,hold_to_resolution,common_quote_coverage,963,49221.0,963.0,433,0,433,530,"{""below_minimum_order_shares"": 175, ""no_positive_net_expected_value"": 1, ""no_priceable_native_ask_side"": 354}",100.0,25.017504030036164,-4.884981308350689e-15,-74.98249596996384,-74.98249596996381,2681.3897528165585,101.12918334999992,0.8892717043796631,20.461409589319803,2.0,25.017504030036164,6.1925860342183885,cap_20_control,free_cash_5pct_cap20|edge=0.0000|cap=20,963.0,1.0,1.0,available after the sale event; same-timestamp entries are processed before sales,
cap_20_control,free_cash_5pct_cap20|edge=0.0000|cap=20,free_cash_5pct_cap20,20.0,free_cash_5pct_cap20,0.0,close_at_60s,common_quote_coverage,963,49221.0,963.0,337,316,21,626,"{""below_minimum_order_shares"": 196, ""no_priceable_native_ask_side"": 430}",100.0,25.446855961186824,-4.440892098500626e-16,-74.55314403881317,-74.55314403881323,2356.553038768001,83.67150351999996,0.7523045138157926,10.01660746603425,2.0,25.446855961186824,3.6019575663848227,cap_20_control,free_cash_5pct_cap20|edge=0.0000|cap=20,963.0,1.0,1.0,available after the sale event; same-timestamp entries are processed before sales,
cap_20_control,free_cash_5pct_cap20|edge=0.0000|cap=20,free_cash_5pct_cap20,20.0,free_cash_5pct_cap20,0.0,close_at_180s,common_quote_coverage,963,49221.0,963.0,283,256,27,680,"{""below_minimum_order_shares"": 200, ""no_priceable_native_ask_side"": 480}",100.0,25.078992183597006,0.0,-74.92100781640299,-74.92100781640308,2187.035694244296,66.92155447,0.806217595390975,9.752345674734919,2.0,25.078992183597006,4.075884321198587,cap_20_control,free_cash_5pct_cap20|edge=0.0000|cap=20,963.0,1.0,1.0,available after the sale event; same-timestamp entries are processed before sales,
cap_20_control,free_cash_5pct_cap20|edge=0.0000|cap=20,free_cash_5pct_cap20,20.0,free_cash_5pct_cap20,0.0,close_at_240s,common_quote_coverage,963,49221.0,963.0,339,304,35,624,"{""below_minimum_order_shares"": 185, ""no_priceable_native_ask_side"": 439}",100.0,24.641578184528903,-4.440892098500626e-16,-75.3584218154711,-75.35842181547099,3496.5114256370107,97.18613941000001,0.858633021678091,16.305773368307463,2.0,24.641578184528903,5.33194013670789,cap_20_control,free_cash_5pct_cap20|edge=0.0000|cap=20,963.0,1.0,1.0,available after the sale event; same-timestamp entries are processed before sales,
cap_20_control,free_cash_5pct_cap20|edge=0.0000|cap=20,free_cash_5pct_cap20,20.0,free_cash_5pct_cap20,0.0,tp10_sl10,common_quote_coverage,963,49221.0,963.0,372,356,16,591,"{""below_minimum_order_shares"": 202, ""no_priceable_native_ask_side"": 389}",100.0,24.734320889364987,0.0,-75.265679110635,-75.26567911063505,2153.150802972195,82.05673171999996,0.7526567911063501,5.0,1.0,24.734320889364987,2.96441723803561,cap_20_control,free_cash_5pct_cap20|edge=0.0000|cap=20,963.0,1.0,1.0,available after the sale event; same-timestamp entries are processed before sales,
cap_20_control,free_cash_5pct_cap20|edge=0.0000|cap=20,free_cash_5pct_cap20,20.0,free_cash_5pct_cap20,0.0,tp20_sl20,common_quote_coverage,963,49221.0,963.0,327,314,13,636,"{""below_minimum_order_shares"": 201, ""no_positive_net_expected_value"": 1, ""no_priceable_native_ask_side"": 434}",100.0,25.509815946311527,0.0,-74.49018405368847,-74.49018405368862,1988.6906376175723,73.67166074000005,0.7449018405368847,5.0,1.0,25.509815946311527,3.1338317174116077,cap_20_control,free_cash_5pct_cap20|edge=0.0000|cap=20,963.0,1.0,1.0,available after the sale event; same-timestamp entries are processed before sales,
,,,,,,hold_to_resolution,full_entry_sample_control,433,,,433,0,433,49751,"{""ambiguous_equal_source_timestamp_order"": 4029, ""archive_gap_after_book_initialization"": 8, ""archive_hour_missing_at_entry"": 36, ""ask_source_age_over_1s"": 1982, ""below_minimum_order_shares"": 21286, ""exchange_maintenance_pause"": 1, ""future_source_timestamp_at_entry"": 3, ""missing_official_outcome_or_resolution_time"": 11, ""native_ask_bbo_reconciliation_mismatch"": 650, ""no_native_book_snapshot"": 8379, ""no_positive_net_expected_value"": 1682, ""no_priceable_native_ask_side"": 11684}",,25.017504030036164,,-74.98249596996384,,2681.3897528165585,101.12918334999992,0.889271704379663,,,,,cap_20_control,free_cash_5pct_cap20|edge=0.0000|cap=20,,,,,free_cash_5pct_cap20|edge=0.0000|cap=20
