entry_role,entry_scenario_id,exit_policy,month_utc,opening_cost_basis_equity_usd,closing_cost_basis_equity_usd,net_pnl_usd,entry_count,exit_count,gross_turnover_usd,fees_paid_estimated_usd,monthly_max_drawdown_cost_basis_equity,minimum_free_cash_usd,period_role
best_active_challenger,fixed_5_usd|edge=0.0800|cap=none,hold_to_resolution,2026-04,100.0,76.15974395903558,-23.84025604096442,53,53,265.0,11.100363689999998,0.4609774254337415,63.71977431991566,training
best_active_challenger,fixed_5_usd|edge=0.0800|cap=none,hold_to_resolution,2026-05,76.15974395903558,78.29107077971223,2.131326820676648,164,164,820.0,35.758819999999986,0.9247040813654216,0.734517884369863,training
best_active_challenger,fixed_5_usd|edge=0.0800|cap=none,hold_to_resolution,2026-06,78.29107077971223,86.2391961177076,7.9481253379953785,15,15,75.0,3.0148700000000233,0.2284433663559464,65.81167047668197,out_of_sample
best_active_challenger,fixed_5_usd|edge=0.0800|cap=none,hold_to_resolution,2026-07,86.2391961177076,2.6629226818697616,-83.57627343583785,34,34,170.0,6.935750000000013,0.9693097184347745,2.6629226818697616,out_of_sample
best_active_challenger,fixed_5_usd|edge=0.0800|cap=none,close_at_60s,2026-04,100.0,108.22200577995834,8.222005779958337,53,53,524.9508627497232,19.800743690000004,0.21101603259738794,76.82872265435915,training
best_active_challenger,fixed_5_usd|edge=0.0800|cap=none,close_at_60s,2026-05,108.22200577995834,140.0501123263791,31.828106546420756,164,164,1290.2624998126955,53.46923999999994,0.4253665242358805,62.49355943103665,training
best_active_challenger,fixed_5_usd|edge=0.0800|cap=none,close_at_60s,2026-06,140.0501123263791,147.9982376643745,7.948125337995407,15,15,75.0,3.0148699999999593,0.13655366018787488,127.57071202334886,out_of_sample
best_active_challenger,fixed_5_usd|edge=0.0800|cap=none,close_at_60s,2026-07,147.9982376643745,1.465234685879377,-146.53300297849512,72,72,360.0,14.935829999999982,0.9901348709196932,1.465234685879377,out_of_sample
best_active_challenger,fixed_5_usd|edge=0.0800|cap=none,close_at_180s,2026-04,100.0,73.42702987285348,-26.57297012714652,53,53,488.15574189610953,17.51467369,0.44132937296606084,57.78321864653665,training
best_active_challenger,fixed_5_usd|edge=0.0800|cap=none,close_at_180s,2026-05,73.42702987285348,1.3052091540000301,-72.12182071885346,99,99,900.2542903708079,33.78644999999996,0.9825664812954001,1.3052091540000301,training
best_active_challenger,fixed_5_usd|edge=0.0800|cap=none,close_at_240s,2026-04,100.0,56.35181241653716,-43.64818758346284,53,53,481.46050951177523,16.19158069,0.5845066789473868,43.61804171262249,training
best_active_challenger,fixed_5_usd|edge=0.0800|cap=none,close_at_240s,2026-05,56.35181241653716,82.65517023465792,26.30335781812076,164,164,1282.8897234023098,45.09276999999997,0.8248289504607582,5.0986173393155365,training
best_active_challenger,fixed_5_usd|edge=0.0800|cap=none,close_at_240s,2026-06,82.65517023465792,90.6032955726533,7.9481253379953785,15,15,75.0,3.014870000000009,0.21807378847830866,70.17576993162766,out_of_sample
best_active_challenger,fixed_5_usd|edge=0.0800|cap=none,close_at_240s,2026-07,90.6032955726533,1.827522136815447,-88.77577343583785,35,35,175.0,7.135249999999985,0.9799463660720201,1.827522136815447,out_of_sample
best_active_challenger,fixed_5_usd|edge=0.0800|cap=none,tp10_sl10,2026-04,100.0,94.2960089824293,-5.703991017570701,53,53,536.1070959824293,21.486350690000002,0.1091856485212846,84.12866872777732,training
best_active_challenger,fixed_5_usd|edge=0.0800|cap=none,tp10_sl10,2026-05,94.2960089824293,132.24365011577524,37.94764113334594,164,164,1333.409098238004,56.657919999999926,0.38493517824670803,54.68709722043281,training
best_active_challenger,fixed_5_usd|edge=0.0800|cap=none,tp10_sl10,2026-06,132.24365011577524,140.19177545377067,7.948125337995435,15,15,75.0,3.0148699999999593,0.1438685518410905,119.764249812745,out_of_sample
best_active_challenger,fixed_5_usd|edge=0.0800|cap=none,tp10_sl10,2026-07,140.19177545377067,0.874439776862836,-139.31733567690785,61,61,304.9999999999998,12.521749999999969,0.9937859683091694,0.874439776862836,out_of_sample
best_active_challenger,fixed_5_usd|edge=0.0800|cap=none,tp20_sl20,2026-04,100.0,87.18405283519259,-12.815947164807412,53,53,528.4273078351928,20.918518690000006,0.20532895238782586,74.46710476121741,training
best_active_challenger,fixed_5_usd|edge=0.0800|cap=none,tp20_sl20,2026-05,87.18405283519259,115.39039396614218,28.206341130949596,164,164,1322.5645682356078,55.55468999999989,0.5461676744329476,37.8338410707998,training
best_active_challenger,fixed_5_usd|edge=0.0800|cap=none,tp20_sl20,2026-06,115.39039396614218,123.33851930413756,7.9481253379953785,15,15,75.0,3.0148699999999593,0.16268225541329506,102.91099366311192,out_of_sample
best_active_challenger,fixed_5_usd|edge=0.0800|cap=none,tp20_sl20,2026-07,123.33851930413756,2.8566534256546205,-120.48186587848295,48,48,240.0,9.819749999999956,0.9769377256176343,2.8566534256546205,out_of_sample
fixed_5_control,fixed_5_usd|edge=0.0000|cap=none,hold_to_resolution,2026-04,100.0,85.19182670377388,-14.808173296226116,526,526,2630.0,99.18423978000011,0.7254807724431132,53.30196828740439,training
fixed_5_control,fixed_5_usd|edge=0.0000|cap=none,hold_to_resolution,2026-05,85.19182670377388,0.4251786215566318,-84.76664808221726,157,157,785.0,29.97671000000024,0.9958172193096697,0.4251786215566318,training
fixed_5_control,fixed_5_usd|edge=0.0000|cap=none,close_at_60s,2026-04,100.0,4.563637533239941,-95.43636246676006,349,349,3375.8389654603125,118.52973664000021,0.9561572047275908,2.781300877193429,training
fixed_5_control,fixed_5_usd|edge=0.0000|cap=none,close_at_180s,2026-04,100.0,0.798824933936457,-99.20117506606354,339,339,3232.5100566021542,98.86223310000013,0.993939677119911,0.27942503509924776,training
fixed_5_control,fixed_5_usd|edge=0.0000|cap=none,close_at_240s,2026-04,100.0,4.295557872206498,-95.7044421277935,416,416,4038.13942256049,113.16855990000026,0.9739575293868933,0.3234087786135156,training
fixed_5_control,fixed_5_usd|edge=0.0000|cap=none,tp10_sl10,2026-04,100.0,3.448094646751814,-96.55190535324819,284,284,2762.854885646752,101.43005913000016,0.9655190535324819,0.4203556467518137,training
fixed_5_control,fixed_5_usd|edge=0.0000|cap=none,tp20_sl20,2026-04,100.0,3.9904399262387984,-96.00956007376121,312,312,3045.72614192624,109.10856581000014,0.960095600737612,1.2739084819834794,training
cap_20_control,free_cash_5pct_cap20|edge=0.0000|cap=20,hold_to_resolution,2026-04,100.0,39.03080644247174,-60.96919355752826,420,420,2660.982756543604,100.08932334999994,0.8272483670284067,39.03080644247175,training
cap_20_control,free_cash_5pct_cap20|edge=0.0000|cap=20,hold_to_resolution,2026-05,39.03080644247174,29.81860321093682,-9.212203231534922,5,5,8.78757323153468,0.4246299999999934,0.23602390191739864,29.818603210936825,training
cap_20_control,free_cash_5pct_cap20|edge=0.0000|cap=20,hold_to_resolution,2026-06,29.81860321093682,29.81860321093682,0.0,0,0,0.0,0.0,0.0,,out_of_sample
cap_20_control,free_cash_5pct_cap20|edge=0.0000|cap=20,hold_to_resolution,2026-07,29.81860321093682,28.24418305038998,-1.5744201605468398,1,1,1.490930160546668,0.08348999999999762,0.05279992994337764,28.244183050389985,out_of_sample
cap_20_control,free_cash_5pct_cap20|edge=0.0000|cap=20,hold_to_resolution,2026-08,28.24418305038998,25.01750403003616,-3.2266790203538207,7,7,10.128492880873182,0.531739999999985,0.23679440272333407,25.017504030036164,out_of_sample
cap_20_control,free_cash_5pct_cap20|edge=0.0000|cap=20,close_at_60s,2026-04,100.0,43.69426137763475,-56.30573862236525,288,288,2184.6036990313455,76.29005351999997,0.5989802013160522,39.13861552870691,training
cap_20_control,free_cash_5pct_cap20|edge=0.0000|cap=20,close_at_60s,2026-05,43.69426137763475,30.330334133746348,-13.363927243888405,41,41,160.13050585417704,6.755679999999984,0.3333113063339548,29.57232384260595,training
cap_20_control,free_cash_5pct_cap20|edge=0.0000|cap=20,close_at_60s,2026-06,30.330334133746348,30.330334133746348,0.0,0,0,0.0,0.0,0.0,,out_of_sample
cap_20_control,free_cash_5pct_cap20|edge=0.0000|cap=20,close_at_60s,2026-07,30.330334133746348,28.72889742705903,-1.6014367066873163,1,1,1.5165167066875256,0.08491999999999678,0.05279983727266343,28.72889742705903,out_of_sample
cap_20_control,free_cash_5pct_cap20|edge=0.0000|cap=20,close_at_60s,2026-08,28.72889742705903,25.446855961186824,-3.282041465872208,7,7,10.302317175790904,0.540850000000006,0.23679402861088825,25.446855961186824,out_of_sample
cap_20_control,free_cash_5pct_cap20|edge=0.0000|cap=20,close_at_180s,2026-04,100.0,37.274203272856944,-62.725796727143056,269,269,2161.3884215273592,65.60226447000002,0.7119866425563909,37.08164208475894,training
cap_20_control,free_cash_5pct_cap20|edge=0.0000|cap=20,close_at_180s,2026-05,37.274203272856944,29.891889945533762,-7.382313327323182,6,6,13.999291156154413,0.7025500000000022,0.19805422193152492,29.609397509108213,training
cap_20_control,free_cash_5pct_cap20|edge=0.0000|cap=20,close_at_180s,2026-06,29.891889945533762,29.891889945533762,0.0,0,0,0.0,0.0,0.0,,out_of_sample
cap_20_control,free_cash_5pct_cap20|edge=0.0000|cap=20,close_at_180s,2026-07,29.891889945533762,28.313595448257075,-1.578294497276687,1,1,1.4945944972764664,0.08369999999999322,0.052800090598236156,28.313595448257075,out_of_sample
cap_20_control,free_cash_5pct_cap20|edge=0.0000|cap=20,close_at_180s,2026-08,28.313595448257075,25.078992183597006,-3.2346032646600698,7,7,10.153387063505761,0.5330399999999855,0.23679434417829298,25.078992183597006,out_of_sample
cap_20_control,free_cash_5pct_cap20|edge=0.0000|cap=20,close_at_240s,2026-04,100.0,38.63553076639689,-61.36446923360311,325,325,3472.4619478483733,95.95392941,0.7783507127908781,38.58555357835836,training
cap_20_control,free_cash_5pct_cap20|edge=0.0000|cap=20,close_at_240s,2026-05,38.63553076639689,30.991704265019177,-7.643826501377713,5,5,10.67038779170889,0.5348900000000043,0.19784448019091025,30.991704265019177,training
cap_20_control,free_cash_5pct_cap20|edge=0.0000|cap=20,close_at_240s,2026-06,30.991704265019177,30.991704265019177,0.0,0,0,0.0,0.0,0.0,,out_of_sample
cap_20_control,free_cash_5pct_cap20|edge=0.0000|cap=20,close_at_240s,2026-07,30.991704265019177,29.35533905176822,-1.6363652132509579,1,1,1.5495852132507935,0.08678000000000452,0.052800104158774806,29.35533905176822,out_of_sample
cap_20_control,free_cash_5pct_cap20|edge=0.0000|cap=20,close_at_240s,2026-08,29.35533905176822,24.641578184528903,-4.713760867239316,8,8,11.829504783677748,0.6105400000000003,0.27674409375235753,24.641578184528903,out_of_sample
cap_20_control,free_cash_5pct_cap20|edge=0.0000|cap=20,tp10_sl10,2026-04,100.0,43.05488115625614,-56.94511884374386,278,278,1776.2399481700993,65.77610172,0.5789772644222894,39.99715987988251,training
cap_20_control,free_cash_5pct_cap20|edge=0.0000|cap=20,tp10_sl10,2026-05,43.05488115625614,29.475636180846294,-13.579244975409843,86,86,365.03633162955725,15.658469999999966,0.36311802306788143,29.475636180846294,training
cap_20_control,free_cash_5pct_cap20|edge=0.0000|cap=20,tp10_sl10,2026-06,29.475636180846294,29.475636180846294,0.0,0,0,0.0,0.0,0.0,,out_of_sample
cap_20_control,free_cash_5pct_cap20|edge=0.0000|cap=20,tp10_sl10,2026-07,29.475636180846294,27.91932437180398,-1.5563118090423131,1,1,1.4737818090425208,0.08253000000000554,0.05279993956682189,27.91932437180398,out_of_sample
cap_20_control,free_cash_5pct_cap20|edge=0.0000|cap=20,tp10_sl10,2026-08,27.91932437180398,24.734320889364987,-3.1850034824389937,7,7,10.400741363495854,0.5396299999999883,0.27674455218633237,24.734320889364987,out_of_sample
cap_20_control,free_cash_5pct_cap20|edge=0.0000|cap=20,tp20_sl20,2026-04,100.0,40.729850652476756,-59.270149347523244,266,266,1770.5258078587458,63.98091074000004,0.5927014934752325,39.42936127686051,training
cap_20_control,free_cash_5pct_cap20|edge=0.0000|cap=20,tp20_sl20,2026-05,40.729850652476756,30.400894109160635,-10.32895654331612,53,53,206.31738689222266,9.068400000000011,0.29578741638350425,30.400894109160635,training
cap_20_control,free_cash_5pct_cap20|edge=0.0000|cap=20,tp20_sl20,2026-06,30.400894109160635,30.400894109160635,0.0,0,0,0.0,0.0,0.0,,out_of_sample
cap_20_control,free_cash_5pct_cap20|edge=0.0000|cap=20,tp20_sl20,2026-07,30.400894109160635,28.7957294037026,-1.6051647054580336,1,1,1.5200447054580764,0.08512000000000342,0.052799917650262554,28.7957294037026,out_of_sample
cap_20_control,free_cash_5pct_cap20|edge=0.0000|cap=20,tp20_sl20,2026-08,28.7957294037026,25.509815946311527,-3.285913457391075,7,7,10.327398161145766,0.5372299999999939,0.23668142495911076,25.509815946311527,out_of_sample
