rate_transition_date_utc,transition_date_is_estimate,pnl_not_used_to_select_transition_date,scenario_id,finalist_role,policy,cap_usd,minimum_net_return,trade_count,gross_turnover_usd,fees_paid_estimated_usd,ending_cash_usd,net_pnl_usd,max_drawdown,skip_count
2026-04-23T00:00:00Z,True,True,fixed_5_usd|edge=0.0800|cap=none,best_training_active_challenger,fixed_5_usd,,0.08,155,775.0,32.91452495999999,1.0157988843698513,-98.98420111563014,0.9920323002321634,50029
2026-04-23T00:00:00Z,True,True,fixed_5_usd|edge=0.0000|cap=none,fixed_5_control,fixed_5_usd,,0.0,695,3475.0,128.86302225999978,2.071062537122704,-97.9289374628773,0.9902482453918153,49489
2026-04-23T00:00:00Z,True,True,free_cash_5pct_cap20|edge=0.0000|cap=20,cap_20_control,free_cash_5pct_cap20,20.0,0.0,431,2669.0131319530124,99.4993461899999,25.458478555964223,-74.54152144403578,0.887319936624999,49753
2026-04-24T00:00:00Z,True,True,fixed_5_usd|edge=0.0800|cap=none,best_training_active_challenger,fixed_5_usd,,0.08,155,775.0,32.93222463999999,1.0157988843698513,-98.98420111563014,0.9920323002321634,50029
2026-04-24T00:00:00Z,True,True,fixed_5_usd|edge=0.0000|cap=none,fixed_5_control,fixed_5_usd,,0.0,695,3475.0,129.0532241099998,1.8955345371227184,-98.10446546287729,0.9910747322564966,49489
2026-04-24T00:00:00Z,True,True,free_cash_5pct_cap20|edge=0.0000|cap=20,cap_20_control,free_cash_5pct_cap20,20.0,0.0,431,2667.4238093880863,99.77242077000004,25.415574178098197,-74.5844258219018,0.8875098328124864,49753
2026-04-25T00:00:00Z,True,True,fixed_5_usd|edge=0.0800|cap=none,best_training_active_challenger,fixed_5_usd,,0.08,155,775.0,32.96132416999998,0.9987718843698667,-99.00122811563013,0.9921658562204937,50029
2026-04-25T00:00:00Z,True,True,fixed_5_usd|edge=0.0000|cap=none,fixed_5_control,fixed_5_usd,,0.0,695,3475.0,129.29832722999984,1.6574415371226197,-98.34255846287738,0.9921958111560034,49489
2026-04-25T00:00:00Z,True,True,free_cash_5pct_cap20|edge=0.0000|cap=20,cap_20_control,free_cash_5pct_cap20,20.0,0.0,431,2665.986954311513,100.02764191000006,25.35790556727714,-74.64209443272286,0.8877650759806035,49753
2026-04-26T00:00:00Z,True,True,fixed_5_usd|edge=0.0800|cap=none,best_training_active_challenger,fixed_5_usd,,0.08,155,775.0,33.00351707999999,0.9652008843698718,-99.03479911563012,0.9924291796529386,50029
2026-04-26T00:00:00Z,True,True,fixed_5_usd|edge=0.0000|cap=none,fixed_5_control,fixed_5_usd,,0.0,695,3475.0,129.58282271999988,1.4038055371228184,-98.59619446287718,0.9933900754466587,49489
2026-04-26T00:00:00Z,True,True,free_cash_5pct_cap20|edge=0.0000|cap=20,cap_20_control,free_cash_5pct_cap20,20.0,0.0,431,2665.1460213673518,100.28677834999995,25.297677478824614,-74.70232252117539,0.8880316474808944,49753
2026-04-27T00:00:00Z,True,True,fixed_5_usd|edge=0.0800|cap=none,best_training_active_challenger,fixed_5_usd,,0.08,155,775.0,33.05512366999998,0.9008238843698644,-99.09917611563013,0.9929341384748538,50029
2026-04-27T00:00:00Z,True,True,fixed_5_usd|edge=0.0000|cap=none,fixed_5_control,fixed_5_usd,,0.0,695,3475.0,129.82763072999992,0.8094245371228181,-99.19057546287718,0.9961887633432686,49489
2026-04-27T00:00:00Z,True,True,free_cash_5pct_cap20|edge=0.0000|cap=20,cap_20_control,free_cash_5pct_cap20,20.0,0.0,433,2680.6152216844634,101.0380601399999,25.040130602873024,-74.95986939712698,0.8891715584241373,49751
2026-04-28T00:00:00Z,True,True,fixed_5_usd|edge=0.0800|cap=none,best_training_active_challenger,fixed_5_usd,,0.08,155,775.0,33.06082374999998,0.8875678843698802,-99.11243211563011,0.9930381155807037,50029
2026-04-28T00:00:00Z,True,True,fixed_5_usd|edge=0.0000|cap=none,fixed_5_control,fixed_5_usd,,0.0,697,3485.0,130.26800919,0.03474010575022923,-99.96525989424977,0.9998364235843843,49487
2026-04-28T00:00:00Z,True,True,free_cash_5pct_cap20|edge=0.0000|cap=20,cap_20_control,free_cash_5pct_cap20,20.0,0.0,433,2681.3983779811433,101.11229334999994,25.0292567284035,-74.9707432715965,0.8892196865501628,49751
2026-04-29T00:00:00Z,True,True,fixed_5_usd|edge=0.0800|cap=none,best_training_active_challenger,fixed_5_usd,,0.08,155,775.0,33.07152368999998,0.8822678843698748,-99.11773211563012,0.9930796875979793,50029
2026-04-29T00:00:00Z,True,True,fixed_5_usd|edge=0.0000|cap=none,fixed_5_control,fixed_5_usd,,0.0,696,3480.0,130.23046978000005,4.891869105750325,-95.10813089424967,0.9769662643017474,49488
2026-04-29T00:00:00Z,True,True,free_cash_5pct_cap20|edge=0.0000|cap=20,cap_20_control,free_cash_5pct_cap20,20.0,0.0,433,2681.396882342046,101.11487334999997,25.0277211078785,-74.9722788921215,0.8892264832571104,49751
2026-04-30T00:00:00Z,True,True,fixed_5_usd|edge=0.0800|cap=none,best_training_active_challenger,fixed_5_usd,,0.08,272,1360.0,57.89616369000003,4.953878642065476,-95.04612135793452,0.9611428814171604,49912
2026-04-30T00:00:00Z,True,True,fixed_5_usd|edge=0.0000|cap=none,fixed_5_control,fixed_5_usd,,0.0,691,3455.0,129.59792978,0.3123242718167729,-99.68767572818322,0.9985293975423994,49493
2026-04-30T00:00:00Z,True,True,free_cash_5pct_cap20|edge=0.0000|cap=20,cap_20_control,free_cash_5pct_cap20,20.0,0.0,433,2681.3954915322656,101.11734334999996,25.02618142899155,-74.97381857100845,0.8892332979265015,49751
2026-05-01T00:00:00Z,True,True,fixed_5_usd|edge=0.0800|cap=none,best_training_active_challenger,fixed_5_usd,,0.08,272,1360.0,57.90776369000003,4.942278642065489,-95.05772135793451,0.9612338692285559,49912
2026-05-01T00:00:00Z,True,True,fixed_5_usd|edge=0.0000|cap=none,fixed_5_control,fixed_5_usd,,0.0,689,3445.0,129.39062978000004,0.5196242718167232,-99.48037572818328,0.9975533098125308,49495
2026-05-01T00:00:00Z,True,True,free_cash_5pct_cap20|edge=0.0000|cap=20,cap_20_control,free_cash_5pct_cap20,20.0,0.0,433,2681.3942110796356,101.11974334999994,25.024595148060833,-74.97540485193917,0.889240318858071,49751
2026-05-02T00:00:00Z,True,True,fixed_5_usd|edge=0.0800|cap=none,best_training_active_challenger,fixed_5_usd,,0.08,272,1360.0,57.94934369000003,4.900698642065478,-95.09930135793452,0.9615600134697482,49912
2026-05-02T00:00:00Z,True,True,fixed_5_usd|edge=0.0000|cap=none,fixed_5_control,fixed_5_usd,,0.0,690,3450.0,129.77484978000007,4.939325840444199,-95.0606741595558,0.9767428106768832,49494
2026-05-02T00:00:00Z,True,True,free_cash_5pct_cap20|edge=0.0000|cap=20,cap_20_control,free_cash_5pct_cap20,20.0,0.0,433,2681.3930096065924,101.12207334999995,25.022982549003032,-74.97701745099697,0.8892474562745364,49751
2026-05-03T00:00:00Z,True,True,fixed_5_usd|edge=0.0800|cap=none,best_training_active_challenger,fixed_5_usd,,0.08,272,1360.0,57.96210369000003,4.8879386420654924,-95.11206135793451,0.9616601000622832,49912
2026-05-03T00:00:00Z,True,True,fixed_5_usd|edge=0.0000|cap=none,fixed_5_control,fixed_5_usd,,0.0,690,3450.0,129.96864978000025,4.745525840444189,-95.25447415955581,0.9776553326356319,49494
2026-05-03T00:00:00Z,True,True,free_cash_5pct_cap20|edge=0.0000|cap=20,cap_20_control,free_cash_5pct_cap20,20.0,0.0,433,2681.3918150885343,101.12454334999993,25.02117270340811,-74.97882729659189,0.8892554667106622,49751
2026-05-04T00:00:00Z,True,True,fixed_5_usd|edge=0.0800|cap=none,best_training_active_challenger,fixed_5_usd,,0.08,272,1360.0,58.004403690000025,4.845638642065481,-95.15436135793452,0.9619918918228035,49912
2026-05-04T00:00:00Z,True,True,fixed_5_usd|edge=0.0000|cap=none,fixed_5_control,fixed_5_usd,,0.0,680,3400.0,128.4019097800003,4.739774177112171,-95.26022582288783,0.9776824147774782,49504
2026-05-04T00:00:00Z,True,True,free_cash_5pct_cap20|edge=0.0000|cap=20,cap_20_control,free_cash_5pct_cap20,20.0,0.0,433,2681.3897528165585,101.12918334999992,25.017504030036164,-74.98249596996384,0.889271704379663,49751
2026-05-05T00:00:00Z,True,True,fixed_5_usd|edge=0.0800|cap=none,best_training_active_challenger,fixed_5_usd,,0.08,272,1360.0,58.004403690000025,4.845638642065481,-95.15436135793452,0.9619918918228035,49912
2026-05-05T00:00:00Z,True,True,fixed_5_usd|edge=0.0000|cap=none,fixed_5_control,fixed_5_usd,,0.0,683,3415.0,129.08801978000034,0.49810862155662416,-99.50189137844337,0.9976546178791929,49501
2026-05-05T00:00:00Z,True,True,free_cash_5pct_cap20|edge=0.0000|cap=20,cap_20_control,free_cash_5pct_cap20,20.0,0.0,433,2681.3897528165585,101.12918334999992,25.017504030036164,-74.98249596996384,0.889271704379663,49751
2026-05-06T00:00:00Z,True,True,fixed_5_usd|edge=0.0800|cap=none,best_training_active_challenger,fixed_5_usd,,0.08,272,1360.0,58.01030369000002,4.839738642065484,-95.16026135793452,0.9620381701061858,49912
2026-05-06T00:00:00Z,True,True,fixed_5_usd|edge=0.0000|cap=none,fixed_5_control,fixed_5_usd,,0.0,683,3415.0,129.16094978000035,0.4251786215566318,-99.57482137844337,0.9979980143005113,49501
2026-05-06T00:00:00Z,True,True,free_cash_5pct_cap20|edge=0.0000|cap=20,cap_20_control,free_cash_5pct_cap20,20.0,0.0,433,2681.3897528165585,101.12918334999992,25.017504030036164,-74.98249596996384,0.889271704379663,49751
2026-05-07T00:00:00Z,True,True,fixed_5_usd|edge=0.0800|cap=none,best_training_active_challenger,fixed_5_usd,,0.08,272,1360.0,58.01030369000002,4.839738642065484,-95.16026135793452,0.9620381701061858,49912
2026-05-07T00:00:00Z,True,True,fixed_5_usd|edge=0.0000|cap=none,fixed_5_control,fixed_5_usd,,0.0,683,3415.0,129.16094978000035,0.4251786215566318,-99.57482137844337,0.9979980143005113,49501
2026-05-07T00:00:00Z,True,True,free_cash_5pct_cap20|edge=0.0000|cap=20,cap_20_control,free_cash_5pct_cap20,20.0,0.0,433,2681.3897528165585,101.12918334999992,25.017504030036164,-74.98249596996384,0.889271704379663,49751
2026-05-08T00:00:00Z,True,True,fixed_5_usd|edge=0.0800|cap=none,best_training_active_challenger,fixed_5_usd,,0.08,272,1360.0,58.01030369000002,4.839738642065484,-95.16026135793452,0.9620381701061858,49912
2026-05-08T00:00:00Z,True,True,fixed_5_usd|edge=0.0000|cap=none,fixed_5_control,fixed_5_usd,,0.0,683,3415.0,129.16094978000035,0.4251786215566318,-99.57482137844337,0.9979980143005113,49501
2026-05-08T00:00:00Z,True,True,free_cash_5pct_cap20|edge=0.0000|cap=20,cap_20_control,free_cash_5pct_cap20,20.0,0.0,433,2681.3897528165585,101.12918334999992,25.017504030036164,-74.98249596996384,0.889271704379663,49751
2026-05-09T00:00:00Z,True,True,fixed_5_usd|edge=0.0800|cap=none,best_training_active_challenger,fixed_5_usd,,0.08,272,1360.0,58.03410369000002,4.81593864206549,-95.18406135793451,0.9622248519950836,49912
2026-05-09T00:00:00Z,True,True,fixed_5_usd|edge=0.0000|cap=none,fixed_5_control,fixed_5_usd,,0.0,683,3415.0,129.16094978000035,0.4251786215566318,-99.57482137844337,0.9979980143005113,49501
2026-05-09T00:00:00Z,True,True,free_cash_5pct_cap20|edge=0.0000|cap=20,cap_20_control,free_cash_5pct_cap20,20.0,0.0,433,2681.3897528165585,101.12918334999992,25.017504030036164,-74.98249596996384,0.889271704379663,49751
2026-05-10T00:00:00Z,True,True,fixed_5_usd|edge=0.0800|cap=none,best_training_active_challenger,fixed_5_usd,,0.08,272,1360.0,58.08850369000002,4.761538642065503,-95.2384613579345,0.9626515534554214,49912
2026-05-10T00:00:00Z,True,True,fixed_5_usd|edge=0.0000|cap=none,fixed_5_control,fixed_5_usd,,0.0,683,3415.0,129.16094978000035,0.4251786215566318,-99.57482137844337,0.9979980143005113,49501
2026-05-10T00:00:00Z,True,True,free_cash_5pct_cap20|edge=0.0000|cap=20,cap_20_control,free_cash_5pct_cap20,20.0,0.0,433,2681.3897528165585,101.12918334999992,25.017504030036164,-74.98249596996384,0.889271704379663,49751
2026-05-11T00:00:00Z,True,True,fixed_5_usd|edge=0.0800|cap=none,best_training_active_challenger,fixed_5_usd,,0.08,272,1360.0,58.152303690000025,4.6977386420655165,-95.30226135793448,0.9631519864180971,49912
2026-05-11T00:00:00Z,True,True,fixed_5_usd|edge=0.0000|cap=none,fixed_5_control,fixed_5_usd,,0.0,683,3415.0,129.16094978000035,0.4251786215566318,-99.57482137844337,0.9979980143005113,49501
2026-05-11T00:00:00Z,True,True,free_cash_5pct_cap20|edge=0.0000|cap=20,cap_20_control,free_cash_5pct_cap20,20.0,0.0,433,2681.3897528165585,101.12918334999992,25.017504030036164,-74.98249596996384,0.889271704379663,49751
2026-05-12T00:00:00Z,True,True,fixed_5_usd|edge=0.0800|cap=none,best_training_active_challenger,fixed_5_usd,,0.08,272,1360.0,58.17380369000002,4.676238642065513,-95.32376135793449,0.9633206276202527,49912
2026-05-12T00:00:00Z,True,True,fixed_5_usd|edge=0.0000|cap=none,fixed_5_control,fixed_5_usd,,0.0,683,3415.0,129.16094978000035,0.4251786215566318,-99.57482137844337,0.9979980143005113,49501
2026-05-12T00:00:00Z,True,True,free_cash_5pct_cap20|edge=0.0000|cap=20,cap_20_control,free_cash_5pct_cap20,20.0,0.0,433,2681.3897528165585,101.12918334999992,25.017504030036164,-74.98249596996384,0.889271704379663,49751
2026-05-13T00:00:00Z,True,True,fixed_5_usd|edge=0.0800|cap=none,best_training_active_challenger,fixed_5_usd,,0.08,272,1360.0,58.18600369000002,4.664038642065506,-95.3359613579345,0.963416321697755,49912
2026-05-13T00:00:00Z,True,True,fixed_5_usd|edge=0.0000|cap=none,fixed_5_control,fixed_5_usd,,0.0,683,3415.0,129.16094978000035,0.4251786215566318,-99.57482137844337,0.9979980143005113,49501
2026-05-13T00:00:00Z,True,True,free_cash_5pct_cap20|edge=0.0000|cap=20,cap_20_control,free_cash_5pct_cap20,20.0,0.0,433,2681.3897528165585,101.12918334999992,25.017504030036164,-74.98249596996384,0.889271704379663,49751
2026-05-14T00:00:00Z,True,True,fixed_5_usd|edge=0.0800|cap=none,best_training_active_challenger,fixed_5_usd,,0.08,272,1360.0,58.22570369000003,4.624338642065509,-95.37566135793449,0.9637277196384797,49912
2026-05-14T00:00:00Z,True,True,fixed_5_usd|edge=0.0000|cap=none,fixed_5_control,fixed_5_usd,,0.0,683,3415.0,129.16094978000035,0.4251786215566318,-99.57482137844337,0.9979980143005113,49501
2026-05-14T00:00:00Z,True,True,free_cash_5pct_cap20|edge=0.0000|cap=20,cap_20_control,free_cash_5pct_cap20,20.0,0.0,433,2681.3897528165585,101.12918334999992,25.017504030036164,-74.98249596996384,0.889271704379663,49751
2026-05-15T00:00:00Z,True,True,fixed_5_usd|edge=0.0800|cap=none,best_training_active_challenger,fixed_5_usd,,0.08,272,1360.0,58.23080369000003,4.61923864206551,-95.38076135793449,0.9637677229003864,49912
2026-05-15T00:00:00Z,True,True,fixed_5_usd|edge=0.0000|cap=none,fixed_5_control,fixed_5_usd,,0.0,683,3415.0,129.16094978000035,0.4251786215566318,-99.57482137844337,0.9979980143005113,49501
2026-05-15T00:00:00Z,True,True,free_cash_5pct_cap20|edge=0.0000|cap=20,cap_20_control,free_cash_5pct_cap20,20.0,0.0,433,2681.3897528165585,101.12918334999992,25.017504030036164,-74.98249596996384,0.889271704379663,49751
