policy,cap_usd,fee_scenario,ask_age_limit_seconds,release_delay_seconds,execution_assumption,initial_cash_usd,ending_cash_after_assumed_release_usd,net_pnl_usd,trade_pnl_sum_usd,trade_count,skip_count,first_insufficient_cash_entry_time_utc,first_insufficient_cash_condition_id,first_insufficient_cash_available_usd,first_insufficient_cash_required_usd,gross_turnover_usd,fees_paid_estimated_usd,max_drawdown_cost_basis_equity,max_drawdown_peak_utc,max_drawdown_trough_utc,max_drawdown_recovery_utc,maximum_concurrent_cost_basis_exposure_usd,maximum_concurrent_positions,minimum_free_cash_usd,mean_gross_stake_usd,median_gross_stake_usd,max_gross_stake_usd,mean_ask_vwap_usd,median_ask_vwap_usd,top_positive_pnl_entry_day_utc,top_entry_day_net_pnl_usd,top_positive_day_share_of_positive_daily_pnl,worst_entry_day_utc,worst_entry_day_net_pnl_usd,skip_reasons,scenario_id,sizing_id,minimum_net_return,entry_edge_denominator,fee_rate_transition_utc,fee_rate_transition_status,training_equity_2026_05_31_usd,walk_forward_selected,walk_forward_challenger
no_trade,,,,,,100.0,100.0,0.0,0.0,0,0,,,,,0.0,0.0,0.0,,,,0.0,0,100.0,,,,,,,,,,,{},no_trade,no_trade,1.0,,,,100.0,True,False
fixed_5_usd,,archived_rate_schedule_estimate_with_side_specific_collection_unit,1.0,60.0,full_ladder_snapshot_upper_bound,100.0,4.839738642065484,-95.16026135793452,-95.1602613579345,272,49912,2026-07-15T23:44:01+00:00,0x9363bf2a28bb4e7b937676e634d5efcefcde416be57d85b6bcbf5874061efcac,4.839738642065484,5.217,1360.0,58.01030369000002,0.9620381701061858,2026-04-18T06:51:20+00:00,2026-07-15T23:26:52+00:00,,10.0,2,0.734517884369863,5.0,5.0,5.0,0.3949593316699029,0.4001953125,2026-05-30,26.087682148590297,0.12091037143397422,2026-07-05,-29.460378048780484,"{""ambiguous_equal_source_timestamp_order"": 4029, ""archive_gap_after_book_initialization"": 8, ""archive_hour_missing_at_entry"": 36, ""ask_source_age_over_1s"": 1982, ""below_minimum_after_cost_return"": 6998, ""exchange_maintenance_pause"": 1, ""future_source_timestamp_at_entry"": 3, ""insufficient_free_cash_for_cash_debit"": 521, ""missing_official_outcome_or_resolution_time"": 11, ""native_ask_bbo_reconciliation_mismatch"": 650, ""no_native_book_snapshot"": 8379, ""no_positive_net_expected_value"": 24614, ""no_priceable_native_ask_side"": 2680}",fixed_5_usd|edge=0.0800|cap=none,fixed_5_usd,0.08,cash debit (gross notional plus cash fee),2026-05-06T00:00:00Z,"estimated, predeclared, not selected by PnL",78.29107077971223,False,True
free_cash_5pct_cap5,5.0,archived_rate_schedule_estimate_with_side_specific_collection_unit,1.0,60.0,full_ladder_snapshot_upper_bound,100.0,25.936243878573347,-74.06375612142665,-74.06375612142665,134,50050,,,,,470.67068412645983,19.02382078000001,0.7499486164836576,2026-04-22T22:26:22+00:00,2026-08-08T21:32:25+00:00,,8.654113942606969,2,25.936243878573347,3.5124677919885055,3.5669213685085017,5.0,0.4283423639366768,0.44,2026-04-22,19.6269964921228,0.3944817229879073,2026-04-29,-27.535220872517037,"{""ambiguous_equal_source_timestamp_order"": 4029, ""archive_gap_after_book_initialization"": 8, ""archive_hour_missing_at_entry"": 36, ""ask_source_age_over_1s"": 1982, ""below_minimum_after_cost_return"": 377, ""below_minimum_order_shares"": 21248, ""exchange_maintenance_pause"": 1, ""future_source_timestamp_at_entry"": 3, ""missing_official_outcome_or_resolution_time"": 11, ""native_ask_bbo_reconciliation_mismatch"": 650, ""no_native_book_snapshot"": 8379, ""no_positive_net_expected_value"": 1874, ""no_priceable_native_ask_side"": 11452}",free_cash_5pct_cap5|edge=0.0400|cap=5,free_cash_5pct_cap5,0.04,cash debit (gross notional plus cash fee),2026-05-06T00:00:00Z,"estimated, predeclared, not selected by PnL",30.907948533041047,False,False
free_cash_5pct_cap5,5.0,archived_rate_schedule_estimate_with_side_specific_collection_unit,1.0,60.0,full_ladder_snapshot_upper_bound,100.0,25.685504027543512,-74.31449597245648,-74.31449597245621,577,49607,,,,,2680.297451720893,101.49491092999999,0.8767144499798634,2026-04-22T07:56:22+00:00,2026-08-08T21:32:25+00:00,,10.0,2,25.685504027543512,4.645229552375897,5.0,5.0,0.47018530880729603,0.4799999999999999,2026-04-16,58.2954744835434,0.321884061833902,2026-04-17,-40.059644755211636,"{""ambiguous_equal_source_timestamp_order"": 4029, ""archive_gap_after_book_initialization"": 8, ""archive_hour_missing_at_entry"": 36, ""ask_source_age_over_1s"": 1982, ""below_minimum_order_shares"": 21190, ""exchange_maintenance_pause"": 1, ""future_source_timestamp_at_entry"": 3, ""missing_official_outcome_or_resolution_time"": 11, ""native_ask_bbo_reconciliation_mismatch"": 650, ""no_native_book_snapshot"": 8379, ""no_positive_net_expected_value"": 2183, ""no_priceable_native_ask_side"": 11135}",free_cash_5pct_cap5|edge=0.0000|cap=5,free_cash_5pct_cap5,0.0,cash debit (gross notional plus cash fee),2026-05-06T00:00:00Z,"estimated, predeclared, not selected by PnL",30.610270668256863,False,False
free_cash_5pct_cap10,10.0,archived_rate_schedule_estimate_with_side_specific_collection_unit,1.0,60.0,full_ladder_snapshot_upper_bound,100.0,25.609352557929373,-74.39064744207063,-74.39064744207063,130,50054,,,,,460.34748169102426,18.60944506000001,0.7529789499909917,2026-04-22T22:26:22+00:00,2026-08-08T21:32:25+00:00,,8.649858924207368,2,25.609352557929373,3.5411344745463404,3.64329787350302,5.183637701522898,0.4276751491182571,0.44,2026-04-22,19.617441837936983,0.3952179747345765,2026-04-29,-29.71688704742998,"{""ambiguous_equal_source_timestamp_order"": 4029, ""archive_gap_after_book_initialization"": 8, ""archive_hour_missing_at_entry"": 36, ""ask_source_age_over_1s"": 1982, ""below_minimum_after_cost_return"": 364, ""below_minimum_order_shares"": 21248, ""exchange_maintenance_pause"": 1, ""future_source_timestamp_at_entry"": 3, ""missing_official_outcome_or_resolution_time"": 11, ""native_ask_bbo_reconciliation_mismatch"": 650, ""no_native_book_snapshot"": 8379, ""no_positive_net_expected_value"": 1867, ""no_priceable_native_ask_side"": 11476}",free_cash_5pct_cap10|edge=0.0400|cap=10,free_cash_5pct_cap10,0.04,cash debit (gross notional plus cash fee),2026-05-06T00:00:00Z,"estimated, predeclared, not selected by PnL",30.519515994041313,False,False
free_cash_5pct_cap15,15.0,archived_rate_schedule_estimate_with_side_specific_collection_unit,1.0,60.0,full_ladder_snapshot_upper_bound,100.0,25.609352557929373,-74.39064744207063,-74.39064744207063,130,50054,,,,,460.34748169102426,18.60944506000001,0.7529789499909917,2026-04-22T22:26:22+00:00,2026-08-08T21:32:25+00:00,,8.649858924207368,2,25.609352557929373,3.5411344745463404,3.64329787350302,5.183637701522898,0.4276751491182571,0.44,2026-04-22,19.617441837936983,0.3952179747345765,2026-04-29,-29.71688704742998,"{""ambiguous_equal_source_timestamp_order"": 4029, ""archive_gap_after_book_initialization"": 8, ""archive_hour_missing_at_entry"": 36, ""ask_source_age_over_1s"": 1982, ""below_minimum_after_cost_return"": 364, ""below_minimum_order_shares"": 21248, ""exchange_maintenance_pause"": 1, ""future_source_timestamp_at_entry"": 3, ""missing_official_outcome_or_resolution_time"": 11, ""native_ask_bbo_reconciliation_mismatch"": 650, ""no_native_book_snapshot"": 8379, ""no_positive_net_expected_value"": 1867, ""no_priceable_native_ask_side"": 11476}",free_cash_5pct_cap15|edge=0.0400|cap=15,free_cash_5pct_cap15,0.04,cash debit (gross notional plus cash fee),2026-05-06T00:00:00Z,"estimated, predeclared, not selected by PnL",30.519515994041313,False,False
free_cash_5pct_cap20,20.0,archived_rate_schedule_estimate_with_side_specific_collection_unit,1.0,60.0,full_ladder_snapshot_upper_bound,100.0,25.609352557929373,-74.39064744207063,-74.39064744207063,130,50054,,,,,460.34748169102426,18.60944506000001,0.7529789499909917,2026-04-22T22:26:22+00:00,2026-08-08T21:32:25+00:00,,8.649858924207368,2,25.609352557929373,3.5411344745463404,3.64329787350302,5.183637701522898,0.4276751491182571,0.44,2026-04-22,19.617441837936983,0.3952179747345765,2026-04-29,-29.71688704742998,"{""ambiguous_equal_source_timestamp_order"": 4029, ""archive_gap_after_book_initialization"": 8, ""archive_hour_missing_at_entry"": 36, ""ask_source_age_over_1s"": 1982, ""below_minimum_after_cost_return"": 364, ""below_minimum_order_shares"": 21248, ""exchange_maintenance_pause"": 1, ""future_source_timestamp_at_entry"": 3, ""missing_official_outcome_or_resolution_time"": 11, ""native_ask_bbo_reconciliation_mismatch"": 650, ""no_native_book_snapshot"": 8379, ""no_positive_net_expected_value"": 1867, ""no_priceable_native_ask_side"": 11476}",free_cash_5pct_cap20|edge=0.0400|cap=20,free_cash_5pct_cap20,0.04,cash debit (gross notional plus cash fee),2026-05-06T00:00:00Z,"estimated, predeclared, not selected by PnL",30.519515994041313,False,False
free_cash_5pct_cap30,30.0,archived_rate_schedule_estimate_with_side_specific_collection_unit,1.0,60.0,full_ladder_snapshot_upper_bound,100.0,25.609352557929373,-74.39064744207063,-74.39064744207063,130,50054,,,,,460.34748169102426,18.60944506000001,0.7529789499909917,2026-04-22T22:26:22+00:00,2026-08-08T21:32:25+00:00,,8.649858924207368,2,25.609352557929373,3.5411344745463404,3.64329787350302,5.183637701522898,0.4276751491182571,0.44,2026-04-22,19.617441837936983,0.3952179747345765,2026-04-29,-29.71688704742998,"{""ambiguous_equal_source_timestamp_order"": 4029, ""archive_gap_after_book_initialization"": 8, ""archive_hour_missing_at_entry"": 36, ""ask_source_age_over_1s"": 1982, ""below_minimum_after_cost_return"": 364, ""below_minimum_order_shares"": 21248, ""exchange_maintenance_pause"": 1, ""future_source_timestamp_at_entry"": 3, ""missing_official_outcome_or_resolution_time"": 11, ""native_ask_bbo_reconciliation_mismatch"": 650, ""no_native_book_snapshot"": 8379, ""no_positive_net_expected_value"": 1867, ""no_priceable_native_ask_side"": 11476}",free_cash_5pct_cap30|edge=0.0400|cap=30,free_cash_5pct_cap30,0.04,cash debit (gross notional plus cash fee),2026-05-06T00:00:00Z,"estimated, predeclared, not selected by PnL",30.519515994041313,False,False
free_cash_5pct_cap50,50.0,archived_rate_schedule_estimate_with_side_specific_collection_unit,1.0,60.0,full_ladder_snapshot_upper_bound,100.0,25.609352557929373,-74.39064744207063,-74.39064744207063,130,50054,,,,,460.34748169102426,18.60944506000001,0.7529789499909917,2026-04-22T22:26:22+00:00,2026-08-08T21:32:25+00:00,,8.649858924207368,2,25.609352557929373,3.5411344745463404,3.64329787350302,5.183637701522898,0.4276751491182571,0.44,2026-04-22,19.617441837936983,0.3952179747345765,2026-04-29,-29.71688704742998,"{""ambiguous_equal_source_timestamp_order"": 4029, ""archive_gap_after_book_initialization"": 8, ""archive_hour_missing_at_entry"": 36, ""ask_source_age_over_1s"": 1982, ""below_minimum_after_cost_return"": 364, ""below_minimum_order_shares"": 21248, ""exchange_maintenance_pause"": 1, ""future_source_timestamp_at_entry"": 3, ""missing_official_outcome_or_resolution_time"": 11, ""native_ask_bbo_reconciliation_mismatch"": 650, ""no_native_book_snapshot"": 8379, ""no_positive_net_expected_value"": 1867, ""no_priceable_native_ask_side"": 11476}",free_cash_5pct_cap50|edge=0.0400|cap=50,free_cash_5pct_cap50,0.04,cash debit (gross notional plus cash fee),2026-05-06T00:00:00Z,"estimated, predeclared, not selected by PnL",30.519515994041313,False,False
free_cash_5pct_cap75,75.0,archived_rate_schedule_estimate_with_side_specific_collection_unit,1.0,60.0,full_ladder_snapshot_upper_bound,100.0,25.609352557929373,-74.39064744207063,-74.39064744207063,130,50054,,,,,460.34748169102426,18.60944506000001,0.7529789499909917,2026-04-22T22:26:22+00:00,2026-08-08T21:32:25+00:00,,8.649858924207368,2,25.609352557929373,3.5411344745463404,3.64329787350302,5.183637701522898,0.4276751491182571,0.44,2026-04-22,19.617441837936983,0.3952179747345765,2026-04-29,-29.71688704742998,"{""ambiguous_equal_source_timestamp_order"": 4029, ""archive_gap_after_book_initialization"": 8, ""archive_hour_missing_at_entry"": 36, ""ask_source_age_over_1s"": 1982, ""below_minimum_after_cost_return"": 364, ""below_minimum_order_shares"": 21248, ""exchange_maintenance_pause"": 1, ""future_source_timestamp_at_entry"": 3, ""missing_official_outcome_or_resolution_time"": 11, ""native_ask_bbo_reconciliation_mismatch"": 650, ""no_native_book_snapshot"": 8379, ""no_positive_net_expected_value"": 1867, ""no_priceable_native_ask_side"": 11476}",free_cash_5pct_cap75|edge=0.0400|cap=75,free_cash_5pct_cap75,0.04,cash debit (gross notional plus cash fee),2026-05-06T00:00:00Z,"estimated, predeclared, not selected by PnL",30.519515994041313,False,False
free_cash_5pct_cap100,100.0,archived_rate_schedule_estimate_with_side_specific_collection_unit,1.0,60.0,full_ladder_snapshot_upper_bound,100.0,25.609352557929373,-74.39064744207063,-74.39064744207063,130,50054,,,,,460.34748169102426,18.60944506000001,0.7529789499909917,2026-04-22T22:26:22+00:00,2026-08-08T21:32:25+00:00,,8.649858924207368,2,25.609352557929373,3.5411344745463404,3.64329787350302,5.183637701522898,0.4276751491182571,0.44,2026-04-22,19.617441837936983,0.3952179747345765,2026-04-29,-29.71688704742998,"{""ambiguous_equal_source_timestamp_order"": 4029, ""archive_gap_after_book_initialization"": 8, ""archive_hour_missing_at_entry"": 36, ""ask_source_age_over_1s"": 1982, ""below_minimum_after_cost_return"": 364, ""below_minimum_order_shares"": 21248, ""exchange_maintenance_pause"": 1, ""future_source_timestamp_at_entry"": 3, ""missing_official_outcome_or_resolution_time"": 11, ""native_ask_bbo_reconciliation_mismatch"": 650, ""no_native_book_snapshot"": 8379, ""no_positive_net_expected_value"": 1867, ""no_priceable_native_ask_side"": 11476}",free_cash_5pct_cap100|edge=0.0400|cap=100,free_cash_5pct_cap100,0.04,cash debit (gross notional plus cash fee),2026-05-06T00:00:00Z,"estimated, predeclared, not selected by PnL",30.519515994041313,False,False
free_cash_5pct_cap_none,,archived_rate_schedule_estimate_with_side_specific_collection_unit,1.0,60.0,full_ladder_snapshot_upper_bound,100.0,25.609352557929373,-74.39064744207063,-74.39064744207063,130,50054,,,,,460.34748169102426,18.60944506000001,0.7529789499909917,2026-04-22T22:26:22+00:00,2026-08-08T21:32:25+00:00,,8.649858924207368,2,25.609352557929373,3.5411344745463404,3.64329787350302,5.183637701522898,0.4276751491182571,0.44,2026-04-22,19.617441837936983,0.3952179747345765,2026-04-29,-29.71688704742998,"{""ambiguous_equal_source_timestamp_order"": 4029, ""archive_gap_after_book_initialization"": 8, ""archive_hour_missing_at_entry"": 36, ""ask_source_age_over_1s"": 1982, ""below_minimum_after_cost_return"": 364, ""below_minimum_order_shares"": 21248, ""exchange_maintenance_pause"": 1, ""future_source_timestamp_at_entry"": 3, ""missing_official_outcome_or_resolution_time"": 11, ""native_ask_bbo_reconciliation_mismatch"": 650, ""no_native_book_snapshot"": 8379, ""no_positive_net_expected_value"": 1867, ""no_priceable_native_ask_side"": 11476}",free_cash_5pct_cap_none|edge=0.0400|cap=none,free_cash_5pct_cap_none,0.04,cash debit (gross notional plus cash fee),2026-05-06T00:00:00Z,"estimated, predeclared, not selected by PnL",30.519515994041313,False,False
free_cash_5pct_cap10,10.0,archived_rate_schedule_estimate_with_side_specific_collection_unit,1.0,60.0,full_ladder_snapshot_upper_bound,100.0,25.55925271308869,-74.44074728691132,-74.44074728691122,433,49751,,,,,2695.561325956463,101.64939162000005,0.887545597839,2026-04-22T07:56:22+00:00,2026-08-08T21:32:25+00:00,,20.0,2,25.55925271308869,6.225314840546103,6.1748469424873145,10.0,0.470381518746138,0.48000000000000004,2026-04-16,61.962133128396864,0.37636948922053637,2026-04-17,-49.75121503929388,"{""ambiguous_equal_source_timestamp_order"": 4029, ""archive_gap_after_book_initialization"": 8, ""archive_hour_missing_at_entry"": 36, ""ask_source_age_over_1s"": 1982, ""below_minimum_order_shares"": 21285, ""exchange_maintenance_pause"": 1, ""future_source_timestamp_at_entry"": 3, ""missing_official_outcome_or_resolution_time"": 11, ""native_ask_bbo_reconciliation_mismatch"": 650, ""no_native_book_snapshot"": 8379, ""no_positive_net_expected_value"": 1685, ""no_priceable_native_ask_side"": 11682}",free_cash_5pct_cap10|edge=0.0000|cap=10,free_cash_5pct_cap10,0.0,cash debit (gross notional plus cash fee),2026-05-06T00:00:00Z,"estimated, predeclared, not selected by PnL",30.459812304543227,False,False
free_cash_5pct_cap10,10.0,archived_rate_schedule_estimate_with_side_specific_collection_unit,1.0,60.0,full_ladder_snapshot_upper_bound,100.0,25.486236248435862,-74.51376375156414,-74.51376375156413,96,50088,,,,,348.3542008971152,14.867619279999998,0.803199648266107,2026-04-18T06:51:20+00:00,2026-08-29T14:11:54+00:00,,8.315244270340896,2,25.486236248435862,3.6286895926782834,3.6594353994229127,6.475150075670981,0.39094972036213543,0.41,2026-04-16,26.712675651305883,0.5184799966363147,2026-04-29,-20.81009277036639,"{""ambiguous_equal_source_timestamp_order"": 4029, ""archive_gap_after_book_initialization"": 8, ""archive_hour_missing_at_entry"": 36, ""ask_source_age_over_1s"": 1982, ""below_minimum_after_cost_return"": 578, ""below_minimum_order_shares"": 21127, ""exchange_maintenance_pause"": 1, ""future_source_timestamp_at_entry"": 3, ""missing_official_outcome_or_resolution_time"": 11, ""native_ask_bbo_reconciliation_mismatch"": 650, ""no_native_book_snapshot"": 8379, ""no_positive_net_expected_value"": 2423, ""no_priceable_native_ask_side"": 10861}",free_cash_5pct_cap10|edge=0.0800|cap=10,free_cash_5pct_cap10,0.08,cash debit (gross notional plus cash fee),2026-05-06T00:00:00Z,"estimated, predeclared, not selected by PnL",30.377282410905615,False,False
free_cash_5pct_cap15,15.0,archived_rate_schedule_estimate_with_side_specific_collection_unit,1.0,60.0,full_ladder_snapshot_upper_bound,100.0,25.486236248435862,-74.51376375156414,-74.51376375156413,96,50088,,,,,348.3542008971152,14.867619279999998,0.803199648266107,2026-04-18T06:51:20+00:00,2026-08-29T14:11:54+00:00,,8.315244270340896,2,25.486236248435862,3.6286895926782834,3.6594353994229127,6.475150075670981,0.39094972036213543,0.41,2026-04-16,26.712675651305883,0.5184799966363147,2026-04-29,-20.81009277036639,"{""ambiguous_equal_source_timestamp_order"": 4029, ""archive_gap_after_book_initialization"": 8, ""archive_hour_missing_at_entry"": 36, ""ask_source_age_over_1s"": 1982, ""below_minimum_after_cost_return"": 578, ""below_minimum_order_shares"": 21127, ""exchange_maintenance_pause"": 1, ""future_source_timestamp_at_entry"": 3, ""missing_official_outcome_or_resolution_time"": 11, ""native_ask_bbo_reconciliation_mismatch"": 650, ""no_native_book_snapshot"": 8379, ""no_positive_net_expected_value"": 2423, ""no_priceable_native_ask_side"": 10861}",free_cash_5pct_cap15|edge=0.0800|cap=15,free_cash_5pct_cap15,0.08,cash debit (gross notional plus cash fee),2026-05-06T00:00:00Z,"estimated, predeclared, not selected by PnL",30.377282410905615,False,False
free_cash_5pct_cap20,20.0,archived_rate_schedule_estimate_with_side_specific_collection_unit,1.0,60.0,full_ladder_snapshot_upper_bound,100.0,25.486236248435862,-74.51376375156414,-74.51376375156413,96,50088,,,,,348.3542008971152,14.867619279999998,0.803199648266107,2026-04-18T06:51:20+00:00,2026-08-29T14:11:54+00:00,,8.315244270340896,2,25.486236248435862,3.6286895926782834,3.6594353994229127,6.475150075670981,0.39094972036213543,0.41,2026-04-16,26.712675651305883,0.5184799966363147,2026-04-29,-20.81009277036639,"{""ambiguous_equal_source_timestamp_order"": 4029, ""archive_gap_after_book_initialization"": 8, ""archive_hour_missing_at_entry"": 36, ""ask_source_age_over_1s"": 1982, ""below_minimum_after_cost_return"": 578, ""below_minimum_order_shares"": 21127, ""exchange_maintenance_pause"": 1, ""future_source_timestamp_at_entry"": 3, ""missing_official_outcome_or_resolution_time"": 11, ""native_ask_bbo_reconciliation_mismatch"": 650, ""no_native_book_snapshot"": 8379, ""no_positive_net_expected_value"": 2423, ""no_priceable_native_ask_side"": 10861}",free_cash_5pct_cap20|edge=0.0800|cap=20,free_cash_5pct_cap20,0.08,cash debit (gross notional plus cash fee),2026-05-06T00:00:00Z,"estimated, predeclared, not selected by PnL",30.377282410905615,False,False
free_cash_5pct_cap30,30.0,archived_rate_schedule_estimate_with_side_specific_collection_unit,1.0,60.0,full_ladder_snapshot_upper_bound,100.0,25.486236248435862,-74.51376375156414,-74.51376375156413,96,50088,,,,,348.3542008971152,14.867619279999998,0.803199648266107,2026-04-18T06:51:20+00:00,2026-08-29T14:11:54+00:00,,8.315244270340896,2,25.486236248435862,3.6286895926782834,3.6594353994229127,6.475150075670981,0.39094972036213543,0.41,2026-04-16,26.712675651305883,0.5184799966363147,2026-04-29,-20.81009277036639,"{""ambiguous_equal_source_timestamp_order"": 4029, ""archive_gap_after_book_initialization"": 8, ""archive_hour_missing_at_entry"": 36, ""ask_source_age_over_1s"": 1982, ""below_minimum_after_cost_return"": 578, ""below_minimum_order_shares"": 21127, ""exchange_maintenance_pause"": 1, ""future_source_timestamp_at_entry"": 3, ""missing_official_outcome_or_resolution_time"": 11, ""native_ask_bbo_reconciliation_mismatch"": 650, ""no_native_book_snapshot"": 8379, ""no_positive_net_expected_value"": 2423, ""no_priceable_native_ask_side"": 10861}",free_cash_5pct_cap30|edge=0.0800|cap=30,free_cash_5pct_cap30,0.08,cash debit (gross notional plus cash fee),2026-05-06T00:00:00Z,"estimated, predeclared, not selected by PnL",30.377282410905615,False,False
free_cash_5pct_cap50,50.0,archived_rate_schedule_estimate_with_side_specific_collection_unit,1.0,60.0,full_ladder_snapshot_upper_bound,100.0,25.486236248435862,-74.51376375156414,-74.51376375156413,96,50088,,,,,348.3542008971152,14.867619279999998,0.803199648266107,2026-04-18T06:51:20+00:00,2026-08-29T14:11:54+00:00,,8.315244270340896,2,25.486236248435862,3.6286895926782834,3.6594353994229127,6.475150075670981,0.39094972036213543,0.41,2026-04-16,26.712675651305883,0.5184799966363147,2026-04-29,-20.81009277036639,"{""ambiguous_equal_source_timestamp_order"": 4029, ""archive_gap_after_book_initialization"": 8, ""archive_hour_missing_at_entry"": 36, ""ask_source_age_over_1s"": 1982, ""below_minimum_after_cost_return"": 578, ""below_minimum_order_shares"": 21127, ""exchange_maintenance_pause"": 1, ""future_source_timestamp_at_entry"": 3, ""missing_official_outcome_or_resolution_time"": 11, ""native_ask_bbo_reconciliation_mismatch"": 650, ""no_native_book_snapshot"": 8379, ""no_positive_net_expected_value"": 2423, ""no_priceable_native_ask_side"": 10861}",free_cash_5pct_cap50|edge=0.0800|cap=50,free_cash_5pct_cap50,0.08,cash debit (gross notional plus cash fee),2026-05-06T00:00:00Z,"estimated, predeclared, not selected by PnL",30.377282410905615,False,False
free_cash_5pct_cap75,75.0,archived_rate_schedule_estimate_with_side_specific_collection_unit,1.0,60.0,full_ladder_snapshot_upper_bound,100.0,25.486236248435862,-74.51376375156414,-74.51376375156413,96,50088,,,,,348.3542008971152,14.867619279999998,0.803199648266107,2026-04-18T06:51:20+00:00,2026-08-29T14:11:54+00:00,,8.315244270340896,2,25.486236248435862,3.6286895926782834,3.6594353994229127,6.475150075670981,0.39094972036213543,0.41,2026-04-16,26.712675651305883,0.5184799966363147,2026-04-29,-20.81009277036639,"{""ambiguous_equal_source_timestamp_order"": 4029, ""archive_gap_after_book_initialization"": 8, ""archive_hour_missing_at_entry"": 36, ""ask_source_age_over_1s"": 1982, ""below_minimum_after_cost_return"": 578, ""below_minimum_order_shares"": 21127, ""exchange_maintenance_pause"": 1, ""future_source_timestamp_at_entry"": 3, ""missing_official_outcome_or_resolution_time"": 11, ""native_ask_bbo_reconciliation_mismatch"": 650, ""no_native_book_snapshot"": 8379, ""no_positive_net_expected_value"": 2423, ""no_priceable_native_ask_side"": 10861}",free_cash_5pct_cap75|edge=0.0800|cap=75,free_cash_5pct_cap75,0.08,cash debit (gross notional plus cash fee),2026-05-06T00:00:00Z,"estimated, predeclared, not selected by PnL",30.377282410905615,False,False
free_cash_5pct_cap100,100.0,archived_rate_schedule_estimate_with_side_specific_collection_unit,1.0,60.0,full_ladder_snapshot_upper_bound,100.0,25.486236248435862,-74.51376375156414,-74.51376375156413,96,50088,,,,,348.3542008971152,14.867619279999998,0.803199648266107,2026-04-18T06:51:20+00:00,2026-08-29T14:11:54+00:00,,8.315244270340896,2,25.486236248435862,3.6286895926782834,3.6594353994229127,6.475150075670981,0.39094972036213543,0.41,2026-04-16,26.712675651305883,0.5184799966363147,2026-04-29,-20.81009277036639,"{""ambiguous_equal_source_timestamp_order"": 4029, ""archive_gap_after_book_initialization"": 8, ""archive_hour_missing_at_entry"": 36, ""ask_source_age_over_1s"": 1982, ""below_minimum_after_cost_return"": 578, ""below_minimum_order_shares"": 21127, ""exchange_maintenance_pause"": 1, ""future_source_timestamp_at_entry"": 3, ""missing_official_outcome_or_resolution_time"": 11, ""native_ask_bbo_reconciliation_mismatch"": 650, ""no_native_book_snapshot"": 8379, ""no_positive_net_expected_value"": 2423, ""no_priceable_native_ask_side"": 10861}",free_cash_5pct_cap100|edge=0.0800|cap=100,free_cash_5pct_cap100,0.08,cash debit (gross notional plus cash fee),2026-05-06T00:00:00Z,"estimated, predeclared, not selected by PnL",30.377282410905615,False,False
free_cash_5pct_cap_none,,archived_rate_schedule_estimate_with_side_specific_collection_unit,1.0,60.0,full_ladder_snapshot_upper_bound,100.0,25.486236248435862,-74.51376375156414,-74.51376375156413,96,50088,,,,,348.3542008971152,14.867619279999998,0.803199648266107,2026-04-18T06:51:20+00:00,2026-08-29T14:11:54+00:00,,8.315244270340896,2,25.486236248435862,3.6286895926782834,3.6594353994229127,6.475150075670981,0.39094972036213543,0.41,2026-04-16,26.712675651305883,0.5184799966363147,2026-04-29,-20.81009277036639,"{""ambiguous_equal_source_timestamp_order"": 4029, ""archive_gap_after_book_initialization"": 8, ""archive_hour_missing_at_entry"": 36, ""ask_source_age_over_1s"": 1982, ""below_minimum_after_cost_return"": 578, ""below_minimum_order_shares"": 21127, ""exchange_maintenance_pause"": 1, ""future_source_timestamp_at_entry"": 3, ""missing_official_outcome_or_resolution_time"": 11, ""native_ask_bbo_reconciliation_mismatch"": 650, ""no_native_book_snapshot"": 8379, ""no_positive_net_expected_value"": 2423, ""no_priceable_native_ask_side"": 10861}",free_cash_5pct_cap_none|edge=0.0800|cap=none,free_cash_5pct_cap_none,0.08,cash debit (gross notional plus cash fee),2026-05-06T00:00:00Z,"estimated, predeclared, not selected by PnL",30.377282410905615,False,False
free_cash_5pct_cap10,10.0,archived_rate_schedule_estimate_with_side_specific_collection_unit,1.0,60.0,full_ladder_snapshot_upper_bound,100.0,25.114244525796142,-74.88575547420386,-74.88575547420378,326,49858,,,,,1398.6591655692018,54.54486070000002,0.8167504548937555,2026-04-23T18:26:18+00:00,2026-08-29T14:11:54+00:00,,13.362318797819942,2,25.114244525796142,4.290365538555834,4.5051200562461595,6.8524711783692,0.45013221890096317,0.4699999999999999,2026-04-28,23.6433221509907,0.24240971643174938,2026-04-29,-41.55327020634706,"{""ambiguous_equal_source_timestamp_order"": 4029, ""archive_gap_after_book_initialization"": 8, ""archive_hour_missing_at_entry"": 36, ""ask_source_age_over_1s"": 1982, ""below_minimum_after_cost_return"": 324, ""below_minimum_order_shares"": 21148, ""exchange_maintenance_pause"": 1, ""future_source_timestamp_at_entry"": 3, ""missing_official_outcome_or_resolution_time"": 11, ""native_ask_bbo_reconciliation_mismatch"": 650, ""no_native_book_snapshot"": 8379, ""no_positive_net_expected_value"": 2336, ""no_priceable_native_ask_side"": 10951}",free_cash_5pct_cap10|edge=0.0200|cap=10,free_cash_5pct_cap10,0.02,cash debit (gross notional plus cash fee),2026-05-06T00:00:00Z,"estimated, predeclared, not selected by PnL",29.933910379120515,False,False
free_cash_5pct_cap15,15.0,archived_rate_schedule_estimate_with_side_specific_collection_unit,1.0,60.0,full_ladder_snapshot_upper_bound,100.0,25.114244525796142,-74.88575547420386,-74.88575547420378,326,49858,,,,,1398.6591655692018,54.54486070000002,0.8167504548937555,2026-04-23T18:26:18+00:00,2026-08-29T14:11:54+00:00,,13.362318797819942,2,25.114244525796142,4.290365538555834,4.5051200562461595,6.8524711783692,0.45013221890096317,0.4699999999999999,2026-04-28,23.6433221509907,0.24240971643174938,2026-04-29,-41.55327020634706,"{""ambiguous_equal_source_timestamp_order"": 4029, ""archive_gap_after_book_initialization"": 8, ""archive_hour_missing_at_entry"": 36, ""ask_source_age_over_1s"": 1982, ""below_minimum_after_cost_return"": 324, ""below_minimum_order_shares"": 21148, ""exchange_maintenance_pause"": 1, ""future_source_timestamp_at_entry"": 3, ""missing_official_outcome_or_resolution_time"": 11, ""native_ask_bbo_reconciliation_mismatch"": 650, ""no_native_book_snapshot"": 8379, ""no_positive_net_expected_value"": 2336, ""no_priceable_native_ask_side"": 10951}",free_cash_5pct_cap15|edge=0.0200|cap=15,free_cash_5pct_cap15,0.02,cash debit (gross notional plus cash fee),2026-05-06T00:00:00Z,"estimated, predeclared, not selected by PnL",29.933910379120515,False,False
free_cash_5pct_cap20,20.0,archived_rate_schedule_estimate_with_side_specific_collection_unit,1.0,60.0,full_ladder_snapshot_upper_bound,100.0,25.114244525796142,-74.88575547420386,-74.88575547420378,326,49858,,,,,1398.6591655692018,54.54486070000002,0.8167504548937555,2026-04-23T18:26:18+00:00,2026-08-29T14:11:54+00:00,,13.362318797819942,2,25.114244525796142,4.290365538555834,4.5051200562461595,6.8524711783692,0.45013221890096317,0.4699999999999999,2026-04-28,23.6433221509907,0.24240971643174938,2026-04-29,-41.55327020634706,"{""ambiguous_equal_source_timestamp_order"": 4029, ""archive_gap_after_book_initialization"": 8, ""archive_hour_missing_at_entry"": 36, ""ask_source_age_over_1s"": 1982, ""below_minimum_after_cost_return"": 324, ""below_minimum_order_shares"": 21148, ""exchange_maintenance_pause"": 1, ""future_source_timestamp_at_entry"": 3, ""missing_official_outcome_or_resolution_time"": 11, ""native_ask_bbo_reconciliation_mismatch"": 650, ""no_native_book_snapshot"": 8379, ""no_positive_net_expected_value"": 2336, ""no_priceable_native_ask_side"": 10951}",free_cash_5pct_cap20|edge=0.0200|cap=20,free_cash_5pct_cap20,0.02,cash debit (gross notional plus cash fee),2026-05-06T00:00:00Z,"estimated, predeclared, not selected by PnL",29.933910379120515,False,False
free_cash_5pct_cap30,30.0,archived_rate_schedule_estimate_with_side_specific_collection_unit,1.0,60.0,full_ladder_snapshot_upper_bound,100.0,25.114244525796142,-74.88575547420386,-74.88575547420378,326,49858,,,,,1398.6591655692018,54.54486070000002,0.8167504548937555,2026-04-23T18:26:18+00:00,2026-08-29T14:11:54+00:00,,13.362318797819942,2,25.114244525796142,4.290365538555834,4.5051200562461595,6.8524711783692,0.45013221890096317,0.4699999999999999,2026-04-28,23.6433221509907,0.24240971643174938,2026-04-29,-41.55327020634706,"{""ambiguous_equal_source_timestamp_order"": 4029, ""archive_gap_after_book_initialization"": 8, ""archive_hour_missing_at_entry"": 36, ""ask_source_age_over_1s"": 1982, ""below_minimum_after_cost_return"": 324, ""below_minimum_order_shares"": 21148, ""exchange_maintenance_pause"": 1, ""future_source_timestamp_at_entry"": 3, ""missing_official_outcome_or_resolution_time"": 11, ""native_ask_bbo_reconciliation_mismatch"": 650, ""no_native_book_snapshot"": 8379, ""no_positive_net_expected_value"": 2336, ""no_priceable_native_ask_side"": 10951}",free_cash_5pct_cap30|edge=0.0200|cap=30,free_cash_5pct_cap30,0.02,cash debit (gross notional plus cash fee),2026-05-06T00:00:00Z,"estimated, predeclared, not selected by PnL",29.933910379120515,False,False
free_cash_5pct_cap50,50.0,archived_rate_schedule_estimate_with_side_specific_collection_unit,1.0,60.0,full_ladder_snapshot_upper_bound,100.0,25.114244525796142,-74.88575547420386,-74.88575547420378,326,49858,,,,,1398.6591655692018,54.54486070000002,0.8167504548937555,2026-04-23T18:26:18+00:00,2026-08-29T14:11:54+00:00,,13.362318797819942,2,25.114244525796142,4.290365538555834,4.5051200562461595,6.8524711783692,0.45013221890096317,0.4699999999999999,2026-04-28,23.6433221509907,0.24240971643174938,2026-04-29,-41.55327020634706,"{""ambiguous_equal_source_timestamp_order"": 4029, ""archive_gap_after_book_initialization"": 8, ""archive_hour_missing_at_entry"": 36, ""ask_source_age_over_1s"": 1982, ""below_minimum_after_cost_return"": 324, ""below_minimum_order_shares"": 21148, ""exchange_maintenance_pause"": 1, ""future_source_timestamp_at_entry"": 3, ""missing_official_outcome_or_resolution_time"": 11, ""native_ask_bbo_reconciliation_mismatch"": 650, ""no_native_book_snapshot"": 8379, ""no_positive_net_expected_value"": 2336, ""no_priceable_native_ask_side"": 10951}",free_cash_5pct_cap50|edge=0.0200|cap=50,free_cash_5pct_cap50,0.02,cash debit (gross notional plus cash fee),2026-05-06T00:00:00Z,"estimated, predeclared, not selected by PnL",29.933910379120515,False,False
free_cash_5pct_cap75,75.0,archived_rate_schedule_estimate_with_side_specific_collection_unit,1.0,60.0,full_ladder_snapshot_upper_bound,100.0,25.114244525796142,-74.88575547420386,-74.88575547420378,326,49858,,,,,1398.6591655692018,54.54486070000002,0.8167504548937555,2026-04-23T18:26:18+00:00,2026-08-29T14:11:54+00:00,,13.362318797819942,2,25.114244525796142,4.290365538555834,4.5051200562461595,6.8524711783692,0.45013221890096317,0.4699999999999999,2026-04-28,23.6433221509907,0.24240971643174938,2026-04-29,-41.55327020634706,"{""ambiguous_equal_source_timestamp_order"": 4029, ""archive_gap_after_book_initialization"": 8, ""archive_hour_missing_at_entry"": 36, ""ask_source_age_over_1s"": 1982, ""below_minimum_after_cost_return"": 324, ""below_minimum_order_shares"": 21148, ""exchange_maintenance_pause"": 1, ""future_source_timestamp_at_entry"": 3, ""missing_official_outcome_or_resolution_time"": 11, ""native_ask_bbo_reconciliation_mismatch"": 650, ""no_native_book_snapshot"": 8379, ""no_positive_net_expected_value"": 2336, ""no_priceable_native_ask_side"": 10951}",free_cash_5pct_cap75|edge=0.0200|cap=75,free_cash_5pct_cap75,0.02,cash debit (gross notional plus cash fee),2026-05-06T00:00:00Z,"estimated, predeclared, not selected by PnL",29.933910379120515,False,False
free_cash_5pct_cap100,100.0,archived_rate_schedule_estimate_with_side_specific_collection_unit,1.0,60.0,full_ladder_snapshot_upper_bound,100.0,25.114244525796142,-74.88575547420386,-74.88575547420378,326,49858,,,,,1398.6591655692018,54.54486070000002,0.8167504548937555,2026-04-23T18:26:18+00:00,2026-08-29T14:11:54+00:00,,13.362318797819942,2,25.114244525796142,4.290365538555834,4.5051200562461595,6.8524711783692,0.45013221890096317,0.4699999999999999,2026-04-28,23.6433221509907,0.24240971643174938,2026-04-29,-41.55327020634706,"{""ambiguous_equal_source_timestamp_order"": 4029, ""archive_gap_after_book_initialization"": 8, ""archive_hour_missing_at_entry"": 36, ""ask_source_age_over_1s"": 1982, ""below_minimum_after_cost_return"": 324, ""below_minimum_order_shares"": 21148, ""exchange_maintenance_pause"": 1, ""future_source_timestamp_at_entry"": 3, ""missing_official_outcome_or_resolution_time"": 11, ""native_ask_bbo_reconciliation_mismatch"": 650, ""no_native_book_snapshot"": 8379, ""no_positive_net_expected_value"": 2336, ""no_priceable_native_ask_side"": 10951}",free_cash_5pct_cap100|edge=0.0200|cap=100,free_cash_5pct_cap100,0.02,cash debit (gross notional plus cash fee),2026-05-06T00:00:00Z,"estimated, predeclared, not selected by PnL",29.933910379120515,False,False
free_cash_5pct_cap_none,,archived_rate_schedule_estimate_with_side_specific_collection_unit,1.0,60.0,full_ladder_snapshot_upper_bound,100.0,25.114244525796142,-74.88575547420386,-74.88575547420378,326,49858,,,,,1398.6591655692018,54.54486070000002,0.8167504548937555,2026-04-23T18:26:18+00:00,2026-08-29T14:11:54+00:00,,13.362318797819942,2,25.114244525796142,4.290365538555834,4.5051200562461595,6.8524711783692,0.45013221890096317,0.4699999999999999,2026-04-28,23.6433221509907,0.24240971643174938,2026-04-29,-41.55327020634706,"{""ambiguous_equal_source_timestamp_order"": 4029, ""archive_gap_after_book_initialization"": 8, ""archive_hour_missing_at_entry"": 36, ""ask_source_age_over_1s"": 1982, ""below_minimum_after_cost_return"": 324, ""below_minimum_order_shares"": 21148, ""exchange_maintenance_pause"": 1, ""future_source_timestamp_at_entry"": 3, ""missing_official_outcome_or_resolution_time"": 11, ""native_ask_bbo_reconciliation_mismatch"": 650, ""no_native_book_snapshot"": 8379, ""no_positive_net_expected_value"": 2336, ""no_priceable_native_ask_side"": 10951}",free_cash_5pct_cap_none|edge=0.0200|cap=none,free_cash_5pct_cap_none,0.02,cash debit (gross notional plus cash fee),2026-05-06T00:00:00Z,"estimated, predeclared, not selected by PnL",29.933910379120515,False,False
free_cash_5pct_cap15,15.0,archived_rate_schedule_estimate_with_side_specific_collection_unit,1.0,60.0,full_ladder_snapshot_upper_bound,100.0,25.017504030036164,-74.98249596996384,-74.98249596996381,433,49751,,,,,2681.3897528165585,101.12918334999992,0.889271704379663,2026-04-22T07:56:22+00:00,2026-08-29T14:11:54+00:00,,20.461409589319807,2,25.017504030036164,6.1925860342183885,6.090430497209631,11.27403794283451,0.47014884407755914,0.48,2026-04-16,61.962133128396864,0.37636948922053637,2026-04-17,-49.75121503929388,"{""ambiguous_equal_source_timestamp_order"": 4029, ""archive_gap_after_book_initialization"": 8, ""archive_hour_missing_at_entry"": 36, ""ask_source_age_over_1s"": 1982, ""below_minimum_order_shares"": 21286, ""exchange_maintenance_pause"": 1, ""future_source_timestamp_at_entry"": 3, ""missing_official_outcome_or_resolution_time"": 11, ""native_ask_bbo_reconciliation_mismatch"": 650, ""no_native_book_snapshot"": 8379, ""no_positive_net_expected_value"": 1682, ""no_priceable_native_ask_side"": 11684}",free_cash_5pct_cap15|edge=0.0000|cap=15,free_cash_5pct_cap15,0.0,cash debit (gross notional plus cash fee),2026-05-06T00:00:00Z,"estimated, predeclared, not selected by PnL",29.81860321093683,False,False
free_cash_5pct_cap20,20.0,archived_rate_schedule_estimate_with_side_specific_collection_unit,1.0,60.0,full_ladder_snapshot_upper_bound,100.0,25.017504030036164,-74.98249596996384,-74.98249596996381,433,49751,,,,,2681.3897528165585,101.12918334999992,0.889271704379663,2026-04-22T07:56:22+00:00,2026-08-29T14:11:54+00:00,,20.461409589319807,2,25.017504030036164,6.1925860342183885,6.090430497209631,11.27403794283451,0.47014884407755914,0.48,2026-04-16,61.962133128396864,0.37636948922053637,2026-04-17,-49.75121503929388,"{""ambiguous_equal_source_timestamp_order"": 4029, ""archive_gap_after_book_initialization"": 8, ""archive_hour_missing_at_entry"": 36, ""ask_source_age_over_1s"": 1982, ""below_minimum_order_shares"": 21286, ""exchange_maintenance_pause"": 1, ""future_source_timestamp_at_entry"": 3, ""missing_official_outcome_or_resolution_time"": 11, ""native_ask_bbo_reconciliation_mismatch"": 650, ""no_native_book_snapshot"": 8379, ""no_positive_net_expected_value"": 1682, ""no_priceable_native_ask_side"": 11684}",free_cash_5pct_cap20|edge=0.0000|cap=20,free_cash_5pct_cap20,0.0,cash debit (gross notional plus cash fee),2026-05-06T00:00:00Z,"estimated, predeclared, not selected by PnL",29.81860321093683,False,False
free_cash_5pct_cap30,30.0,archived_rate_schedule_estimate_with_side_specific_collection_unit,1.0,60.0,full_ladder_snapshot_upper_bound,100.0,25.017504030036164,-74.98249596996384,-74.98249596996381,433,49751,,,,,2681.3897528165585,101.12918334999992,0.889271704379663,2026-04-22T07:56:22+00:00,2026-08-29T14:11:54+00:00,,20.461409589319807,2,25.017504030036164,6.1925860342183885,6.090430497209631,11.27403794283451,0.47014884407755914,0.48,2026-04-16,61.962133128396864,0.37636948922053637,2026-04-17,-49.75121503929388,"{""ambiguous_equal_source_timestamp_order"": 4029, ""archive_gap_after_book_initialization"": 8, ""archive_hour_missing_at_entry"": 36, ""ask_source_age_over_1s"": 1982, ""below_minimum_order_shares"": 21286, ""exchange_maintenance_pause"": 1, ""future_source_timestamp_at_entry"": 3, ""missing_official_outcome_or_resolution_time"": 11, ""native_ask_bbo_reconciliation_mismatch"": 650, ""no_native_book_snapshot"": 8379, ""no_positive_net_expected_value"": 1682, ""no_priceable_native_ask_side"": 11684}",free_cash_5pct_cap30|edge=0.0000|cap=30,free_cash_5pct_cap30,0.0,cash debit (gross notional plus cash fee),2026-05-06T00:00:00Z,"estimated, predeclared, not selected by PnL",29.81860321093683,False,False
free_cash_5pct_cap50,50.0,archived_rate_schedule_estimate_with_side_specific_collection_unit,1.0,60.0,full_ladder_snapshot_upper_bound,100.0,25.017504030036164,-74.98249596996384,-74.98249596996381,433,49751,,,,,2681.3897528165585,101.12918334999992,0.889271704379663,2026-04-22T07:56:22+00:00,2026-08-29T14:11:54+00:00,,20.461409589319807,2,25.017504030036164,6.1925860342183885,6.090430497209631,11.27403794283451,0.47014884407755914,0.48,2026-04-16,61.962133128396864,0.37636948922053637,2026-04-17,-49.75121503929388,"{""ambiguous_equal_source_timestamp_order"": 4029, ""archive_gap_after_book_initialization"": 8, ""archive_hour_missing_at_entry"": 36, ""ask_source_age_over_1s"": 1982, ""below_minimum_order_shares"": 21286, ""exchange_maintenance_pause"": 1, ""future_source_timestamp_at_entry"": 3, ""missing_official_outcome_or_resolution_time"": 11, ""native_ask_bbo_reconciliation_mismatch"": 650, ""no_native_book_snapshot"": 8379, ""no_positive_net_expected_value"": 1682, ""no_priceable_native_ask_side"": 11684}",free_cash_5pct_cap50|edge=0.0000|cap=50,free_cash_5pct_cap50,0.0,cash debit (gross notional plus cash fee),2026-05-06T00:00:00Z,"estimated, predeclared, not selected by PnL",29.81860321093683,False,False
free_cash_5pct_cap75,75.0,archived_rate_schedule_estimate_with_side_specific_collection_unit,1.0,60.0,full_ladder_snapshot_upper_bound,100.0,25.017504030036164,-74.98249596996384,-74.98249596996381,433,49751,,,,,2681.3897528165585,101.12918334999992,0.889271704379663,2026-04-22T07:56:22+00:00,2026-08-29T14:11:54+00:00,,20.461409589319807,2,25.017504030036164,6.1925860342183885,6.090430497209631,11.27403794283451,0.47014884407755914,0.48,2026-04-16,61.962133128396864,0.37636948922053637,2026-04-17,-49.75121503929388,"{""ambiguous_equal_source_timestamp_order"": 4029, ""archive_gap_after_book_initialization"": 8, ""archive_hour_missing_at_entry"": 36, ""ask_source_age_over_1s"": 1982, ""below_minimum_order_shares"": 21286, ""exchange_maintenance_pause"": 1, ""future_source_timestamp_at_entry"": 3, ""missing_official_outcome_or_resolution_time"": 11, ""native_ask_bbo_reconciliation_mismatch"": 650, ""no_native_book_snapshot"": 8379, ""no_positive_net_expected_value"": 1682, ""no_priceable_native_ask_side"": 11684}",free_cash_5pct_cap75|edge=0.0000|cap=75,free_cash_5pct_cap75,0.0,cash debit (gross notional plus cash fee),2026-05-06T00:00:00Z,"estimated, predeclared, not selected by PnL",29.81860321093683,False,False
free_cash_5pct_cap100,100.0,archived_rate_schedule_estimate_with_side_specific_collection_unit,1.0,60.0,full_ladder_snapshot_upper_bound,100.0,25.017504030036164,-74.98249596996384,-74.98249596996381,433,49751,,,,,2681.3897528165585,101.12918334999992,0.889271704379663,2026-04-22T07:56:22+00:00,2026-08-29T14:11:54+00:00,,20.461409589319807,2,25.017504030036164,6.1925860342183885,6.090430497209631,11.27403794283451,0.47014884407755914,0.48,2026-04-16,61.962133128396864,0.37636948922053637,2026-04-17,-49.75121503929388,"{""ambiguous_equal_source_timestamp_order"": 4029, ""archive_gap_after_book_initialization"": 8, ""archive_hour_missing_at_entry"": 36, ""ask_source_age_over_1s"": 1982, ""below_minimum_order_shares"": 21286, ""exchange_maintenance_pause"": 1, ""future_source_timestamp_at_entry"": 3, ""missing_official_outcome_or_resolution_time"": 11, ""native_ask_bbo_reconciliation_mismatch"": 650, ""no_native_book_snapshot"": 8379, ""no_positive_net_expected_value"": 1682, ""no_priceable_native_ask_side"": 11684}",free_cash_5pct_cap100|edge=0.0000|cap=100,free_cash_5pct_cap100,0.0,cash debit (gross notional plus cash fee),2026-05-06T00:00:00Z,"estimated, predeclared, not selected by PnL",29.81860321093683,False,False
free_cash_5pct_cap_none,,archived_rate_schedule_estimate_with_side_specific_collection_unit,1.0,60.0,full_ladder_snapshot_upper_bound,100.0,25.017504030036164,-74.98249596996384,-74.98249596996381,433,49751,,,,,2681.3897528165585,101.12918334999992,0.889271704379663,2026-04-22T07:56:22+00:00,2026-08-29T14:11:54+00:00,,20.461409589319807,2,25.017504030036164,6.1925860342183885,6.090430497209631,11.27403794283451,0.47014884407755914,0.48,2026-04-16,61.962133128396864,0.37636948922053637,2026-04-17,-49.75121503929388,"{""ambiguous_equal_source_timestamp_order"": 4029, ""archive_gap_after_book_initialization"": 8, ""archive_hour_missing_at_entry"": 36, ""ask_source_age_over_1s"": 1982, ""below_minimum_order_shares"": 21286, ""exchange_maintenance_pause"": 1, ""future_source_timestamp_at_entry"": 3, ""missing_official_outcome_or_resolution_time"": 11, ""native_ask_bbo_reconciliation_mismatch"": 650, ""no_native_book_snapshot"": 8379, ""no_positive_net_expected_value"": 1682, ""no_priceable_native_ask_side"": 11684}",free_cash_5pct_cap_none|edge=0.0000|cap=none,free_cash_5pct_cap_none,0.0,cash debit (gross notional plus cash fee),2026-05-06T00:00:00Z,"estimated, predeclared, not selected by PnL",29.81860321093683,False,False
free_cash_5pct_cap5,5.0,archived_rate_schedule_estimate_with_side_specific_collection_unit,1.0,60.0,full_ladder_snapshot_upper_bound,100.0,24.946489250545422,-75.05351074945457,-75.05351074945457,130,50054,,,,,417.0203224588666,18.006222489999992,0.8043253052662965,2026-04-18T06:51:20+00:00,2026-08-29T14:11:54+00:00,,8.642745904451495,2,24.946489250545422,3.207848634298974,2.9012898766135855,5.0,0.3802466560218679,0.39402918431553535,2026-04-16,24.391807284271284,0.42170488133473727,2026-04-29,-21.629727267009002,"{""ambiguous_equal_source_timestamp_order"": 4029, ""archive_gap_after_book_initialization"": 8, ""archive_hour_missing_at_entry"": 36, ""ask_source_age_over_1s"": 1982, ""below_minimum_after_cost_return"": 664, ""below_minimum_order_shares"": 21087, ""exchange_maintenance_pause"": 1, ""future_source_timestamp_at_entry"": 3, ""missing_official_outcome_or_resolution_time"": 11, ""native_ask_bbo_reconciliation_mismatch"": 650, ""no_native_book_snapshot"": 8379, ""no_positive_net_expected_value"": 2601, ""no_priceable_native_ask_side"": 10603}",free_cash_5pct_cap5|edge=0.0800|cap=5,free_cash_5pct_cap5,0.08,cash debit (gross notional plus cash fee),2026-05-06T00:00:00Z,"estimated, predeclared, not selected by PnL",29.735066985297344,False,False
free_cash_5pct_cap5,5.0,archived_rate_schedule_estimate_with_side_specific_collection_unit,1.0,60.0,full_ladder_snapshot_upper_bound,100.0,24.75237628112793,-75.24762371887206,-75.24762371887219,384,49800,,,,,1595.766932904355,62.116539870000004,0.8295959484186237,2026-04-23T18:26:18+00:00,2026-08-29T14:11:54+00:00,,10.0,2,24.75237628112793,4.155643054438425,4.828893269299716,5.0,0.4529590733645443,0.47,2026-04-28,24.24393280157634,0.22875242402763116,2026-04-29,-46.518421260735764,"{""ambiguous_equal_source_timestamp_order"": 4029, ""archive_gap_after_book_initialization"": 8, ""archive_hour_missing_at_entry"": 36, ""ask_source_age_over_1s"": 1982, ""below_minimum_after_cost_return"": 371, ""below_minimum_order_shares"": 21061, ""exchange_maintenance_pause"": 1, ""future_source_timestamp_at_entry"": 3, ""missing_official_outcome_or_resolution_time"": 11, ""native_ask_bbo_reconciliation_mismatch"": 650, ""no_native_book_snapshot"": 8379, ""no_positive_net_expected_value"": 2728, ""no_priceable_native_ask_side"": 10541}",free_cash_5pct_cap5|edge=0.0200|cap=5,free_cash_5pct_cap5,0.02,cash debit (gross notional plus cash fee),2026-05-06T00:00:00Z,"estimated, predeclared, not selected by PnL",29.49714808181141,False,False
fixed_5_usd,,archived_rate_schedule_estimate_with_side_specific_collection_unit,1.0,60.0,full_ladder_snapshot_upper_bound,100.0,2.6237259035346003,-97.3762740964654,-97.37627409646544,654,49530,2026-05-20T07:19:01+00:00,0x3fc188a1a7b732822233784747068455521e5bb1ce11d84309beb8a5c4aa3037,2.6237259035346003,5.2065,3270.0,126.14807390999998,0.982715947520369,2026-04-28T22:46:20+00:00,2026-05-20T07:16:15+00:00,,10.0,2,2.3599280311941735,5.0,5.0,5.0,0.45683565699977596,0.47000000000000003,2026-05-14,27.9885740049753,0.14036193078417153,2026-04-29,-45.91047227472673,"{""ambiguous_equal_source_timestamp_order"": 4029, ""archive_gap_after_book_initialization"": 8, ""archive_hour_missing_at_entry"": 36, ""ask_source_age_over_1s"": 1982, ""below_minimum_after_cost_return"": 4025, ""exchange_maintenance_pause"": 1, ""future_source_timestamp_at_entry"": 3, ""insufficient_free_cash_for_cash_debit"": 3112, ""missing_official_outcome_or_resolution_time"": 11, ""native_ask_bbo_reconciliation_mismatch"": 650, ""no_native_book_snapshot"": 8379, ""no_positive_net_expected_value"": 24614, ""no_priceable_native_ask_side"": 2680}",fixed_5_usd|edge=0.0200|cap=none,fixed_5_usd,0.02,cash debit (gross notional plus cash fee),2026-05-06T00:00:00Z,"estimated, predeclared, not selected by PnL",2.6237259035346003,False,False
fixed_5_usd,,archived_rate_schedule_estimate_with_side_specific_collection_unit,1.0,60.0,full_ladder_snapshot_upper_bound,100.0,1.7749028250184589,-98.22509717498154,-98.2250971749815,180,50004,2026-05-06T01:19:01+00:00,0xe7f7f4829c174b7015922375cdaf6794cc63d72dc9a6b47715cf1aefeb4086c5,1.7749028250184589,5.175,900.0,35.93692451,0.9838581580688469,2026-04-22T22:26:22+00:00,2026-05-05T22:26:18+00:00,,10.0,2,1.7749028250184589,5.0,5.0,5.0,0.4454112709417143,0.45,2026-04-22,22.29255519346786,0.2566206790752087,2026-04-29,-46.51710212765958,"{""ambiguous_equal_source_timestamp_order"": 4029, ""archive_gap_after_book_initialization"": 8, ""archive_hour_missing_at_entry"": 36, ""ask_source_age_over_1s"": 1982, ""below_minimum_after_cost_return"": 5889, ""exchange_maintenance_pause"": 1, ""future_source_timestamp_at_entry"": 3, ""insufficient_free_cash_for_cash_debit"": 1722, ""missing_official_outcome_or_resolution_time"": 11, ""native_ask_bbo_reconciliation_mismatch"": 650, ""no_native_book_snapshot"": 8379, ""no_positive_net_expected_value"": 24614, ""no_priceable_native_ask_side"": 2680}",fixed_5_usd|edge=0.0400|cap=none,fixed_5_usd,0.04,cash debit (gross notional plus cash fee),2026-05-06T00:00:00Z,"estimated, predeclared, not selected by PnL",1.7749028250184589,False,False
fixed_5_usd,,archived_rate_schedule_estimate_with_side_specific_collection_unit,1.0,60.0,full_ladder_snapshot_upper_bound,100.0,0.4251786215566318,-99.57482137844337,-99.57482137844329,683,49501,2026-05-05T03:44:01+00:00,0x6005804b70d151a84e1500beb463bfa47121a93ebb2a72cf8d946e2526e7464f,4.520734177112188,5.1908,3415.0,129.16094978000035,0.9979980143005113,2026-04-22T07:56:22+00:00,2026-05-05T06:46:54+00:00,,10.0,2,0.4251786215566318,5.0,5.0,5.0,0.4746948400125153,0.4799999999999999,2026-04-16,62.361365452015505,0.2965927118473431,2026-04-17,-39.85982193038066,"{""ambiguous_equal_source_timestamp_order"": 4029, ""archive_gap_after_book_initialization"": 8, ""archive_hour_missing_at_entry"": 36, ""ask_source_age_over_1s"": 1982, ""exchange_maintenance_pause"": 1, ""future_source_timestamp_at_entry"": 3, ""insufficient_free_cash_for_cash_debit"": 7108, ""missing_official_outcome_or_resolution_time"": 11, ""native_ask_bbo_reconciliation_mismatch"": 650, ""no_native_book_snapshot"": 8379, ""no_positive_net_expected_value"": 24614, ""no_priceable_native_ask_side"": 2680}",fixed_5_usd|edge=0.0000|cap=none,fixed_5_usd,0.0,cash debit (gross notional plus cash fee),2026-05-06T00:00:00Z,"estimated, predeclared, not selected by PnL",0.4251786215566318,False,False
