policy,cap_usd,previous_trade_count,previous_turnover_usd,previous_fees_usd,previous_ending_cash_usd,previous_net_pnl_usd,previous_max_drawdown,previous_skip_count,updated_trade_count,updated_turnover_usd,updated_fees_usd,updated_ending_cash_usd,updated_net_pnl_usd,updated_max_drawdown,updated_skip_count
fixed_5_usd,,657,3285.0,120.7668975,2.745127464,-97.25487254,0.9869971956,49527,683,3415.0,129.16094978000035,0.4251786215566318,-99.57482137844337,0.9979980143005113,49501
free_cash_5pct_cap10,10.0,439,2683.656127,98.29605303,25.74701322,-74.25298678,0.8886894667,49745,433,2695.561325956463,101.64939162000005,25.55925271308869,-74.44074728691132,0.887545597839,49751
free_cash_5pct_cap100,100.0,439,2669.694279,97.80446253,25.19699404,-74.80300596,0.8910726601,49745,433,2681.3897528165585,101.12918334999992,25.017504030036164,-74.98249596996384,0.889271704379663,49751
free_cash_5pct_cap15,15.0,439,2669.694279,97.80446253,25.19699404,-74.80300596,0.8910726601,49745,433,2681.3897528165585,101.12918334999992,25.017504030036164,-74.98249596996384,0.889271704379663,49751
free_cash_5pct_cap20,20.0,439,2669.694279,97.80446253,25.19699404,-74.80300596,0.8910726601,49745,433,2681.3897528165585,101.12918334999992,25.017504030036164,-74.98249596996384,0.889271704379663,49751
free_cash_5pct_cap30,30.0,439,2669.694279,97.80446253,25.19699404,-74.80300596,0.8910726601,49745,433,2681.3897528165585,101.12918334999992,25.017504030036164,-74.98249596996384,0.889271704379663,49751
free_cash_5pct_cap5,5.0,456,2156.708429,79.25206448,24.79101171,-75.20898829,0.8797320495,49728,577,2680.297451720893,101.49491092999999,25.685504027543512,-74.31449597245648,0.8767144499798634,49607
free_cash_5pct_cap50,50.0,439,2669.694279,97.80446253,25.19699404,-74.80300596,0.8910726601,49745,433,2681.3897528165585,101.12918334999992,25.017504030036164,-74.98249596996384,0.889271704379663,49751
free_cash_5pct_cap75,75.0,439,2669.694279,97.80446253,25.19699404,-74.80300596,0.8910726601,49745,433,2681.3897528165585,101.12918334999992,25.017504030036164,-74.98249596996384,0.889271704379663,49751
free_cash_5pct_cap_none,,439,2669.694279,97.80446253,25.19699404,-74.80300596,0.8910726601,49745,433,2681.3897528165585,101.12918334999992,25.017504030036164,-74.98249596996384,0.889271704379663,49751
