scenario_id,role,condition_id,transaction_type,transaction_time_utc,weighted_volume_usd_estimated,rolling_30d_wv_at_midnight_estimated,tier_at_entry_estimated,assumed_rebate_fraction_of_estimated_entry_fee,entry_fee_estimated_usd,rebate_accrued_usd_estimated,assumed_bonus_multiplier
fixed_5_usd|edge=0.0800|cap=none,best_active_challenger,0x1a767308341f6074680d48126d6e522aeaa4b88048210b17e28c67ad0b286ab0,entry,2026-05-28T08:24:01+00:00,6.21,0.0,None,0.0,0.189,0.0,1.0
fixed_5_usd|edge=0.0800|cap=none,best_active_challenger,0xe6c9513b49ba4107bb09f2f9458e8affca48c67c0f89a5a10ed5d405d194cf0b,entry,2026-05-28T13:34:01+00:00,6.555000000000001,0.0,None,0.0,0.1995,0.0,1.0
fixed_5_usd|edge=0.0800|cap=none,best_active_challenger,0x9dd09205e9bf3a731af06f567027dda0ca29e993404c76bf229562df5b5082bb,entry,2026-05-28T13:39:01+00:00,6.324999999999999,0.0,None,0.0,0.1925,0.0,1.0
fixed_5_usd|edge=0.0800|cap=none,best_active_challenger,0x055cf02d09a77f9260a1ef9af3cc2f908d548b9552b68ff6b8c4e5b850fbfc81,entry,2026-05-29T08:24:01+00:00,6.324999999999999,19.09,None,0.0,0.1925,0.0,1.0
fixed_5_usd|edge=0.0800|cap=none,best_active_challenger,0x2758683cf6c9986a279b9913081d654eabbe21ed2b8205a0770e81a82a9146cf,entry,2026-05-29T14:49:01+00:00,6.21,19.09,None,0.0,0.189,0.0,1.0
fixed_5_usd|edge=0.0800|cap=none,best_active_challenger,0x83f6acfb44964a25bea3f8cc96e9973f9b02c714c29c78c441334eb4f8f00d7f,entry,2026-05-29T22:39:01+00:00,7.704999999999998,19.09,None,0.0,0.2345,0.0,1.0
fixed_5_usd|edge=0.0800|cap=none,best_active_challenger,0x1ff9f86efdd4f10627138818409c5242241f499ea9470f98b6a8619580178e7d,entry,2026-05-30T03:29:01+00:00,7.359999999999999,39.33,None,0.0,0.224,0.0,1.0
fixed_5_usd|edge=0.0800|cap=none,best_active_challenger,0xebf9d6f314db76eb1f4e7b5e4244bdca5cc88d084cd0eaf560ae6eeb6ce43759,entry,2026-05-30T03:34:01+00:00,7.934999999999999,39.33,None,0.0,0.2415,0.0,1.0
fixed_5_usd|edge=0.0800|cap=none,best_active_challenger,0x29e2c97af0d456676b10e0676e6d378e9e6cbfeec7d320461cbb70439cf80e7e,entry,2026-05-30T03:39:01+00:00,7.704999999999998,39.33,None,0.0,0.2345,0.0,1.0
fixed_5_usd|edge=0.0800|cap=none,best_active_challenger,0x78d3724121e51bea773117e41e8ac5dbaf56a8b2db573b328ff658c17cf2c7cd,entry,2026-05-30T03:44:01+00:00,7.244999999999999,39.33,None,0.0,0.2205,0.0,1.0
fixed_5_usd|edge=0.0800|cap=none,best_active_challenger,0x664fe20086741e1439d04f6fac136f4f81eb724100a1a7dc7cfbb520fbceaca0,entry,2026-05-30T03:54:01+00:00,7.704999999999998,39.33,None,0.0,0.2345,0.0,1.0
fixed_5_usd|edge=0.0800|cap=none,best_active_challenger,0x5210fd1137dd9ba3bc318e7587e9e0ec5867280d5d118294124c841a436e5a2b,entry,2026-05-30T04:09:01+00:00,7.8199999999999985,39.33,None,0.0,0.238,0.0,1.0
fixed_5_usd|edge=0.0800|cap=none,best_active_challenger,0x27a7ed46b6268e0ce420d5851ce1b31b0bc3fda79f86b6f98e3f6dcf24193bfd,entry,2026-05-30T04:19:01+00:00,7.589999999999999,39.33,None,0.0,0.231,0.0,1.0
fixed_5_usd|edge=0.0800|cap=none,best_active_challenger,0x8ee0246c287af5e033f3943ba2d548bc7e7bcd0a788146b34bdb8bb805fbb795,entry,2026-05-30T04:29:01+00:00,7.475,39.33,None,0.0,0.2275,0.0,1.0
fixed_5_usd|edge=0.0800|cap=none,best_active_challenger,0xd2aed32122f269a90bfb38ea83775284ae65b4b762b72fbbe1fb7cdbfaef7820,entry,2026-05-30T04:34:01+00:00,7.155372623876562,39.33,None,0.0,0.21776,0.0,1.0
fixed_5_usd|edge=0.0800|cap=none,best_active_challenger,0xbf35c1b6161008ab51a53cdbe0669de9cd0b96601788c60b87d2fac5cab4e5c0,entry,2026-05-30T04:59:01+00:00,6.44,39.33,None,0.0,0.196,0.0,1.0
fixed_5_usd|edge=0.0800|cap=none,best_active_challenger,0x7a8342778983f3f40fe75ef6d44d277af6fb6f41c88aacad88eefb917e5a1075,entry,2026-05-30T05:39:01+00:00,7.589999999999999,39.33,None,0.0,0.231,0.0,1.0
fixed_5_usd|edge=0.0800|cap=none,best_active_challenger,0xe088ce433d3dd2346840f93eb7e568f180e2513357bd298c5d7cd612043598f8,entry,2026-05-30T07:04:01+00:00,7.934999999999999,39.33,None,0.0,0.2415,0.0,1.0
fixed_5_usd|edge=0.0800|cap=none,best_active_challenger,0xe48c11cddcade1e83a24680b19b34b18e42ccc5b2305b9010450d06da6d4f4ea,entry,2026-05-30T08:19:01+00:00,7.014999999999999,39.33,None,0.0,0.2135,0.0,1.0
fixed_5_usd|edge=0.0800|cap=none,best_active_challenger,0x20b56a8f421feab2277ce7139a9efefbf8b7966fe458b5f2c455d967fb8db53b,entry,2026-05-30T08:39:01+00:00,7.589999999999999,39.33,None,0.0,0.231,0.0,1.0
fixed_5_usd|edge=0.0800|cap=none,best_active_challenger,0xec369a5811af3463bf9ec3ee688baa0d913494a3941c95f45a1fd1b9479274dd,entry,2026-05-30T08:54:01+00:00,7.8199999999999985,39.33,None,0.0,0.238,0.0,1.0
fixed_5_usd|edge=0.0800|cap=none,best_active_challenger,0x92fc29513ec09b166427de240590ec8406e5cce2d82057260f6b8f59d43662d3,entry,2026-05-30T08:59:01+00:00,6.785,39.33,None,0.0,0.2065,0.0,1.0
fixed_5_usd|edge=0.0800|cap=none,best_active_challenger,0x18cac5b1460466097634852bca8420adc6cfd9341fec1c77eb147f47caae98ec,entry,2026-05-30T09:19:01+00:00,7.704999999999998,39.33,None,0.0,0.2345,0.0,1.0
fixed_5_usd|edge=0.0800|cap=none,best_active_challenger,0xee2fed721800e57fe5f628c62870e97fc3c82b0ace22f1e61a18580ebb7af80a,entry,2026-05-30T09:29:01+00:00,7.934999999999999,39.33,None,0.0,0.2415,0.0,1.0
fixed_5_usd|edge=0.0800|cap=none,best_active_challenger,0x1f212e661c85dc0583914682e812c973e6605c64058d0aed143b36bb3f356311,entry,2026-05-30T10:59:01+00:00,7.8199999999999985,39.33,None,0.0,0.238,0.0,1.0
fixed_5_usd|edge=0.0800|cap=none,best_active_challenger,0x4e18e14960fba78b69c2a93b672e33b6c88c99a942e8e2a9646207aae328be1b,entry,2026-05-30T11:09:01+00:00,7.8199999999999985,39.33,None,0.0,0.238,0.0,1.0
fixed_5_usd|edge=0.0800|cap=none,best_active_challenger,0x7250abffca4aa6dff47216990d21284a9b2cb22debd9bdf80256717130b7d09a,entry,2026-05-30T11:14:01+00:00,7.8199999999999985,39.33,None,0.0,0.238,0.0,1.0
fixed_5_usd|edge=0.0800|cap=none,best_active_challenger,0x58f9bde4109e896fea5ad62ac7dda82af4ff3d15fed05022d8b6e5187e1d96ba,entry,2026-05-30T11:29:01+00:00,7.934999999999999,39.33,None,0.0,0.2415,0.0,1.0
fixed_5_usd|edge=0.0800|cap=none,best_active_challenger,0xb4ec073d674c1d461d1a3d921dcdd72f49f159f0049fa753d808badcaa8038d1,entry,2026-05-30T14:19:01+00:00,7.244999999999999,39.33,None,0.0,0.2205,0.0,1.0
fixed_5_usd|edge=0.0800|cap=none,best_active_challenger,0x4e2900fe3da51569d0ceb3a1c70dd9cc298a86cbed31d3448a3cc81e01867943,entry,2026-05-30T21:04:01+00:00,7.475,39.33,None,0.0,0.2275,0.0,1.0
fixed_5_usd|edge=0.0800|cap=none,best_active_challenger,0x96155d29dcffc7feb3b41f178b2364538d649a5979b6fccf0e42c86bc5cf5508,entry,2026-05-30T21:19:01+00:00,7.475,39.33,None,0.0,0.2275,0.0,1.0
fixed_5_usd|edge=0.0800|cap=none,best_active_challenger,0x618102750770082460cd6e372b90a32633db9e49a7df2b0c805809353fc53055,entry,2026-05-30T21:29:01+00:00,7.589999999999999,39.33,None,0.0,0.231,0.0,1.0
fixed_5_usd|edge=0.0800|cap=none,best_active_challenger,0x72b1c73565ebce2ed2542c36da7f0df043c71863b0f1bdfd6139941990b9b374,entry,2026-05-30T22:04:01+00:00,6.324999999999999,39.33,None,0.0,0.1925,0.0,1.0
fixed_5_usd|edge=0.0800|cap=none,best_active_challenger,0x582301e6943eb86a43d4f634af2c7e19e79edaa00b249cb70a2c1505cabcd725,entry,2026-05-30T23:29:01+00:00,7.8199999999999985,39.33,None,0.0,0.238,0.0,1.0
fixed_5_usd|edge=0.0800|cap=none,best_active_challenger,0x5508d88e78bbee2e5246ab29b8e395e1516cf3b5f70c3072541f044ba4a00d68,entry,2026-05-31T00:59:01+00:00,6.567430076207955,249.46037262387654,None,0.0,0.19987,0.0,1.0
fixed_5_usd|edge=0.0800|cap=none,best_active_challenger,0xbc24f96d4389f8c0729a7a13bc4ff480068ed10488fe03ad88d7921592b89049,entry,2026-05-31T05:44:01+00:00,6.324999999999999,249.46037262387654,None,0.0,0.1925,0.0,1.0
fixed_5_usd|edge=0.0800|cap=none,best_active_challenger,0x153b571954a7ab12c9f6458a0b73ec797777c56bf2602cf37ac1903de124ed7b,entry,2026-05-31T07:24:01+00:00,6.67,249.46037262387654,None,0.0,0.203,0.0,1.0
fixed_5_usd|edge=0.0800|cap=none,best_active_challenger,0x1e61358eaf6d6abf11a5e5fb920ddaa67da413b92358e9fbfbb67364655a57dd,entry,2026-05-31T07:29:01+00:00,7.8199999999999985,249.46037262387654,None,0.0,0.238,0.0,1.0
fixed_5_usd|edge=0.0800|cap=none,best_active_challenger,0xb48a517ed2ca4a9e1d1f15fa47844b0bc4a0a9037c6938b9114a1bee4041263d,entry,2026-05-31T07:34:01+00:00,7.475,249.46037262387654,None,0.0,0.2275,0.0,1.0
fixed_5_usd|edge=0.0800|cap=none,best_active_challenger,0xb1666bd6c6a2e74509b9d83cc6da10d9228aae6f46b8acb5c4969f9204f1dd2c,entry,2026-05-31T10:24:01+00:00,7.014999999999999,249.46037262387654,None,0.0,0.2135,0.0,1.0
fixed_5_usd|edge=0.0800|cap=none,best_active_challenger,0x77ee34493eda2b36a6cea76d6e27ac7f7788f301fbe7dfe61d173d46d9ef03f2,entry,2026-05-31T15:04:01+00:00,7.704999999999998,249.46037262387654,None,0.0,0.2345,0.0,1.0
fixed_5_usd|edge=0.0800|cap=none,best_active_challenger,0xad60377457a25c5fd76c093a33e100546ba397999f2c7192508fb17d6614b113,entry,2026-05-31T15:09:01+00:00,7.475,249.46037262387654,None,0.0,0.2275,0.0,1.0
fixed_5_usd|edge=0.0800|cap=none,best_active_challenger,0xce4ca8ad7702ddd950657ad2ca60522df7f7899ae1d12387ca041584540139d4,entry,2026-05-31T15:14:01+00:00,7.359999999999999,249.46037262387654,None,0.0,0.224,0.0,1.0
fixed_5_usd|edge=0.0800|cap=none,best_active_challenger,0x79f94c32c6c9ff99b7bdc22bf28766e4b7f4ba496286e420cccfacfd32b96c6f,entry,2026-05-31T15:19:01+00:00,7.475,249.46037262387654,None,0.0,0.2275,0.0,1.0
fixed_5_usd|edge=0.0800|cap=none,best_active_challenger,0xe2fb1013c707decea6643aeb91865162c16694832170a769c89a05b1cdc6bdb0,entry,2026-05-31T15:24:01+00:00,7.244999999999999,249.46037262387654,None,0.0,0.2205,0.0,1.0
fixed_5_usd|edge=0.0800|cap=none,best_active_challenger,0xc62b9ccbd27f0784728fc545c80dbe88e114319a2a6523c7778644c50904ec10,entry,2026-05-31T15:29:01+00:00,6.3043833509564555,249.46037262387654,None,0.0,0.19178,0.0,1.0
fixed_5_usd|edge=0.0800|cap=none,best_active_challenger,0x16377b978cb9ea91e5c41238b117a06d8aef65b77d3f253d81c68d8f13585a8c,entry,2026-05-31T15:34:01+00:00,7.475,249.46037262387654,None,0.0,0.2275,0.0,1.0
fixed_5_usd|edge=0.0800|cap=none,best_active_challenger,0xeb6ff68b4229af2cbd4ea59344d2b39b76fd8bbb750c3532a08483bbba4979fa,entry,2026-05-31T17:39:01+00:00,6.67,249.46037262387654,None,0.0,0.203,0.0,1.0
fixed_5_usd|edge=0.0800|cap=none,best_active_challenger,0xa1a0f8494e663f1cb4d973595dc8ec9b1a1bc18f1b2881f8dfa768bf5858d113,entry,2026-05-31T18:14:01+00:00,7.014999999999999,249.46037262387654,None,0.0,0.2135,0.0,1.0
fixed_5_usd|edge=0.0800|cap=none,best_active_challenger,0x2bf8e0bc530f3e710774205f0134ea6a2453b6a9d942484a40146d77ee576796,entry,2026-05-31T18:19:01+00:00,7.014999999999999,249.46037262387654,None,0.0,0.2135,0.0,1.0
fixed_5_usd|edge=0.0800|cap=none,best_active_challenger,0xf1852e53329d26e07ff5d07cc32d2b8e912a9084728bf5e4df40bfe3a25a8c55,entry,2026-05-31T18:29:01+00:00,7.244999999999999,249.46037262387654,None,0.0,0.2205,0.0,1.0
fixed_5_usd|edge=0.0800|cap=none,best_active_challenger,0xda74be0bb3bfb6b471a5937c9558bb52ff4e3483119e33451466f847b8822543,entry,2026-06-02T04:59:01+00:00,6.324999999999999,370.31718605104095,None,0.0,0.1925,0.0,1.0
fixed_5_usd|edge=0.0800|cap=none,best_active_challenger,0xb7b2af364be53124bb5f866829852c7a26c9a2d698d4a3ac1d141ab2f08828ed,entry,2026-06-03T04:54:01+00:00,6.324999999999999,376.64218605104094,None,0.0,0.1925,0.0,1.0
fixed_5_usd|edge=0.0800|cap=none,best_active_challenger,0xe33e926f5969c2c302a16068336e5747398e69ac2e99578426afb599a201c6e8,entry,2026-06-03T21:09:01+00:00,6.324999999999999,376.64218605104094,None,0.0,0.1925,0.0,1.0
fixed_5_usd|edge=0.0800|cap=none,best_active_challenger,0x0632620696e742816cce4dbe4db8702632e854fcd754887394616d6a64d877e6,entry,2026-06-04T05:39:01+00:00,6.945544554455446,389.2921860510409,None,0.0,0.21137,0.0,1.0
fixed_5_usd|edge=0.0800|cap=none,best_active_challenger,0xb690c6497948460d6a589208e338da0cba3a69dea163aafcc7c6cd2492be6531,entry,2026-06-05T07:39:01+00:00,6.44,396.2377306054964,None,0.0,0.196,0.0,1.0
fixed_5_usd|edge=0.0800|cap=none,best_active_challenger,0xfd60a89c7897904682cc05b988b75d247de544db611731712c3ea0a3302fc7cf,entry,2026-06-05T08:44:01+00:00,6.67,396.2377306054964,None,0.0,0.203,0.0,1.0
fixed_5_usd|edge=0.0800|cap=none,best_active_challenger,0xb24631bd9bf1ce4378a75a5821d8be53a91896b621a9a34597fc30c947de242a,entry,2026-06-06T11:59:01+00:00,7.13,409.3477306054964,None,0.0,0.217,0.0,1.0
fixed_5_usd|edge=0.0800|cap=none,best_active_challenger,0xd201e7dbe02e644ca2e758f58788869c7c1176e8d188fe9dde4fc2ed57e3da91,entry,2026-06-06T15:29:01+00:00,6.324999999999999,409.3477306054964,None,0.0,0.1925,0.0,1.0
fixed_5_usd|edge=0.0800|cap=none,best_active_challenger,0xfbef8f84d6c2c81ae7f0fe6166a7eb2316ac204bea01e1d075a3fb2482a3681f,entry,2026-06-09T03:09:01+00:00,7.8199999999999985,422.8027306054964,None,0.0,0.238,0.0,1.0
fixed_5_usd|edge=0.0800|cap=none,best_active_challenger,0xc470bfe5436d27fd4e2dc52694dcc6ba4d10af695a02e7517486c0d6a8654d8d,entry,2026-06-09T10:59:01+00:00,6.21,422.8027306054964,None,0.0,0.189,0.0,1.0
fixed_5_usd|edge=0.0800|cap=none,best_active_challenger,0x5d1a16bd0ef6090d43d0acfdc4ad2aeb7f6a47e3df1fc2c85a10e4374fc42c55,entry,2026-06-09T15:29:01+00:00,6.324999999999999,422.8027306054964,None,0.0,0.1925,0.0,1.0
fixed_5_usd|edge=0.0800|cap=none,best_active_challenger,0xa942bead3eee36457f982cfe6dc43c2226a4e988538350400bb7b1c9e0f16845,entry,2026-06-09T16:14:01+00:00,5.864999999999999,422.8027306054964,None,0.0,0.1785,0.0,1.0
fixed_5_usd|edge=0.0800|cap=none,best_active_challenger,0xaaae4d3fe36f272aa34bb96a2e9bcb823e2ba91521491d5c878c385635b060c6,entry,2026-06-09T20:49:01+00:00,6.324999999999999,422.8027306054964,None,0.0,0.1925,0.0,1.0
fixed_5_usd|edge=0.0800|cap=none,best_active_challenger,0xce5d8e585a4ff845e5fc4de0f9dbec286ab16ed950b6282c2ca0c18d2d0b4541,entry,2026-06-09T22:59:01+00:00,7.014999999999999,422.8027306054964,None,0.0,0.2135,0.0,1.0
fixed_5_usd|edge=0.0800|cap=none,best_active_challenger,0x9fe2bc3b193ba5f8ab04fa559d124f29c80056e3c18d962d52879d6e4ee1b24c,entry,2026-06-10T07:19:01+00:00,7.014999999999999,462.3627306054964,None,0.0,0.2135,0.0,1.0
fixed_5_usd|edge=0.0800|cap=none,best_active_challenger,0x00a0f9478eca3535894c5cfa2744d89db3f84f725d845b826d961fd065a16434,entry,2026-06-11T10:24:01+00:00,6.785,469.37773060549637,None,0.0,0.2065,0.0,1.0
fixed_5_usd|edge=0.0800|cap=none,best_active_challenger,0x3a959717de3adc3578e6d5a7b78b4b33f4f09b210618338510ca2fa8365aef68,entry,2026-06-11T10:49:01+00:00,6.555000000000001,469.37773060549637,None,0.0,0.1995,0.0,1.0
fixed_5_usd|edge=0.0800|cap=none,best_active_challenger,0xc727f1cc6c428707fe48d37c7028f187e8aca4f12e261128b3a48fd58a0c924d,entry,2026-06-11T18:39:01+00:00,6.324999999999999,469.37773060549637,None,0.0,0.1925,0.0,1.0
fixed_5_usd|edge=0.0800|cap=none,best_active_challenger,0x299e43877563f9d768a8b80b12f4f7ca7f1a132bca6875160d369c31515f8c5e,entry,2026-06-11T23:44:01+00:00,7.13,469.37773060549637,None,0.0,0.217,0.0,1.0
fixed_5_usd|edge=0.0800|cap=none,best_active_challenger,0x1f8d96120cf74e4aea3e39f4e1fab647d691227758eac0977e5e3d7e5b7d8e82,entry,2026-06-12T00:14:01+00:00,6.095000000000001,496.1727306054964,None,0.0,0.1855,0.0,1.0
fixed_5_usd|edge=0.0800|cap=none,best_active_challenger,0x378de71e5aa5c8909474311bfffa21e42354e9809f2da05c585f15f90a4554cf,entry,2026-07-04T00:04:01+00:00,7.014999999999999,112.97554455445544,None,0.0,0.2135,0.0,1.0
fixed_5_usd|edge=0.0800|cap=none,best_active_challenger,0xff82d6b70e0b4d8d3085329ac3a0a4c82241f2ba34ac08296a3034923ffb52f6,entry,2026-07-04T00:09:01+00:00,6.555000000000001,112.97554455445544,None,0.0,0.1995,0.0,1.0
fixed_5_usd|edge=0.0800|cap=none,best_active_challenger,0x0671cb2ab385f9c7033b3d3019168ec0d27f859c1ebc2402e2e6c668a34e7159,entry,2026-07-04T00:19:01+00:00,6.785,112.97554455445544,None,0.0,0.2065,0.0,1.0
fixed_5_usd|edge=0.0800|cap=none,best_active_challenger,0x02046c38dbf5e8478b9eeb8354dafae34e49b20899824ebb02f11cbb464ff48c,entry,2026-07-04T00:24:01+00:00,6.785,112.97554455445544,None,0.0,0.2065,0.0,1.0
fixed_5_usd|edge=0.0800|cap=none,best_active_challenger,0xf9f06f2325bcbe4ff5a57047f0e2bbdcb4231b1568498a06bf4ae41562d3f90f,entry,2026-07-04T00:39:01+00:00,6.555000000000001,112.97554455445544,None,0.0,0.1995,0.0,1.0
fixed_5_usd|edge=0.0800|cap=none,best_active_challenger,0x218835e113716883043fd80807cac46490bcd9d87ceb374902945e20a916b9f1,entry,2026-07-04T05:09:01+00:00,6.8999999999999995,112.97554455445544,None,0.0,0.21,0.0,1.0
fixed_5_usd|edge=0.0800|cap=none,best_active_challenger,0xd8cb7babae67aad38debd20d3825c5ed47240a91b7bbec38716af719f5276563,entry,2026-07-04T05:34:01+00:00,7.13,112.97554455445544,None,0.0,0.217,0.0,1.0
fixed_5_usd|edge=0.0800|cap=none,best_active_challenger,0x43dba069a0b3cc47707fa9d534b3285dd027e38cc617431ef9354c06599346a0,entry,2026-07-04T13:29:01+00:00,6.8999999999999995,112.97554455445544,None,0.0,0.21,0.0,1.0
fixed_5_usd|edge=0.0800|cap=none,best_active_challenger,0x487ee741ec39b2cc50680f2f85efba679d133a233a2b165863493bbf8e50c57d,entry,2026-07-04T21:39:01+00:00,7.359999999999999,112.97554455445544,None,0.0,0.224,0.0,1.0
fixed_5_usd|edge=0.0800|cap=none,best_active_challenger,0x4dfbfe0a53c7256ea08854628068b169a6544cec90b63fbea8d89fb21e5fb756,entry,2026-07-04T23:59:01+00:00,7.244999999999999,112.97554455445544,None,0.0,0.2205,0.0,1.0
fixed_5_usd|edge=0.0800|cap=none,best_active_challenger,0x0731d4be8ac7cc709350be838b0d7210fe3385ac91d20ca42997aa39861783c3,entry,2026-07-05T00:29:01+00:00,6.324999999999999,175.26,None,0.0,0.1925,0.0,1.0
fixed_5_usd|edge=0.0800|cap=none,best_active_challenger,0x596457c14690d916865af3ebf2023cf1a0591ad6a2e29d729083b2f7ed46ca6c,entry,2026-07-05T00:34:01+00:00,6.785,175.26,None,0.0,0.2065,0.0,1.0
fixed_5_usd|edge=0.0800|cap=none,best_active_challenger,0x4d82cf298551d231e13a81f482ea9d0f1562e18a5985bc529cfd082dbb601436,entry,2026-07-05T08:44:01+00:00,6.324999999999999,175.26,None,0.0,0.1925,0.0,1.0
fixed_5_usd|edge=0.0800|cap=none,best_active_challenger,0x88248288bf189f3054cdf5e56375c709280a8c9c1a4923db1de345fa029e7ef9,entry,2026-07-05T13:09:01+00:00,7.014999999999999,175.26,None,0.0,0.2135,0.0,1.0
fixed_5_usd|edge=0.0800|cap=none,best_active_challenger,0xa227592dae0252c8035b0d72b45318e47eb9f5c53f129dbefb66ebe0060ca316,entry,2026-07-05T13:49:01+00:00,6.785,175.26,None,0.0,0.2065,0.0,1.0
fixed_5_usd|edge=0.0800|cap=none,best_active_challenger,0x2cc794e5e878c79761e41f8c7eeea4ee9ad72521c7aab5ac7366ab7ef936f042,entry,2026-07-05T15:04:01+00:00,7.13,175.26,None,0.0,0.217,0.0,1.0
fixed_5_usd|edge=0.0800|cap=none,best_active_challenger,0x613d258bb35e2efc1d36d97246594243de6d2df3ed03e1b6be54c3d8ca0f3be5,entry,2026-07-05T20:19:01+00:00,6.785,175.26,None,0.0,0.2065,0.0,1.0
fixed_5_usd|edge=0.0800|cap=none,best_active_challenger,0x1f70dec0ddd79e5e2034a22ff5df8339222824a3bbee19168cb197b3dd26ecba,entry,2026-07-06T15:44:01+00:00,6.555000000000001,209.29999999999998,None,0.0,0.1995,0.0,1.0
fixed_5_usd|edge=0.0800|cap=none,best_active_challenger,0xc0bc6f5738cec2514d6e2d8672c2859d2b5f760cb7dd70a7eb6bcde6c86fdc95,entry,2026-07-06T20:39:01+00:00,6.67,209.29999999999998,None,0.0,0.203,0.0,1.0
fixed_5_usd|edge=0.0800|cap=none,best_active_challenger,0x6b448edfdf0bdd1fb31d128066e10b8c071a4151bd4bd8ef1ed1fd8bc6bf471c,entry,2026-07-06T20:49:01+00:00,6.67,209.29999999999998,None,0.0,0.203,0.0,1.0
fixed_5_usd|edge=0.0800|cap=none,best_active_challenger,0x1304d7484b5953c5e5ce7d3800f91c7e75195999b5a40943b5c4efc7b81f0bb2,entry,2026-07-06T21:19:01+00:00,6.44,209.29999999999998,None,0.0,0.196,0.0,1.0
fixed_5_usd|edge=0.0800|cap=none,best_active_challenger,0x85a6af18dfece2237e59282ccb8ca3f64eb4d57b5645809a8046adb8f3f0bbe7,entry,2026-07-06T21:24:01+00:00,6.555000000000001,209.29999999999998,None,0.0,0.1995,0.0,1.0
fixed_5_usd|edge=0.0800|cap=none,best_active_challenger,0x922212a44d59b48c8cb3578ad1d5c718f3882af578bd7e177f243e62939ff9e7,entry,2026-07-07T04:34:01+00:00,6.324999999999999,228.73499999999999,None,0.0,0.1925,0.0,1.0
fixed_5_usd|edge=0.0800|cap=none,best_active_challenger,0x19afee521c61e46440fd1f43e0c492dca5b1ed886c35ed28192d85eaa8a23dc8,entry,2026-07-07T04:39:01+00:00,7.13,228.73499999999999,None,0.0,0.217,0.0,1.0
fixed_5_usd|edge=0.0800|cap=none,best_active_challenger,0xb8dfd50417409d855a5d2be4c4810bbcf6660b8bffcadec3bf6ccf0b5f17828c,entry,2026-07-07T05:04:01+00:00,6.44,228.73499999999999,None,0.0,0.196,0.0,1.0
fixed_5_usd|edge=0.0800|cap=none,best_active_challenger,0x08cbfffeb8eac488400d776bae9f22db5f37fc2b6d8887274f4785b54b926217,entry,2026-07-07T05:09:01+00:00,6.324999999999999,228.73499999999999,None,0.0,0.1925,0.0,1.0
fixed_5_usd|edge=0.0800|cap=none,best_active_challenger,0xd3c6c383c9596068abb5cbe6fcac0241fb3c5505ec8c7669c75639a827d8faa7,entry,2026-07-07T05:59:01+00:00,6.785,228.73499999999999,None,0.0,0.2065,0.0,1.0
fixed_5_usd|edge=0.0800|cap=none,best_active_challenger,0xdfb47c81a300b0e039cc56c5f69cfe74c4a76f68ddf1ff6af1c1f6a3f81403b9,entry,2026-07-07T06:09:01+00:00,6.324999999999999,228.73499999999999,None,0.0,0.1925,0.0,1.0
fixed_5_usd|edge=0.0800|cap=none,best_active_challenger,0xa6d2f7c14f8985e2a13eeeba44e74ec6864623eec32dfac0c35e5f0794177d55,entry,2026-07-07T09:14:01+00:00,6.655950001959172,228.73499999999999,None,0.0,0.20256,0.0,1.0
fixed_5_usd|edge=0.0800|cap=none,best_active_challenger,0xef3eb5756af918f00f7280ad04aa4b4516c2a44b4611d4aab520486940f4b614,entry,2026-07-08T02:09:01+00:00,5.635,274.7209500019592,None,0.0,0.1715,0.0,1.0
fixed_5_usd|edge=0.0800|cap=none,best_active_challenger,0x9f359fd2e7ecc0630bbebdd9fe9cddda3d57e5d7028e5ea5fdd3b09bc084ed31,entry,2026-07-15T21:54:01+00:00,6.8999999999999995,200.89095000195917,None,0.0,0.21,0.0,1.0
fixed_5_usd|edge=0.0800|cap=none,best_active_challenger,0xda3f67ee154dd95097eb57b395d3e8ae462f2c4e1dfc50ecf0432ab18aeda061,entry,2026-07-15T22:19:01+00:00,6.643867229696553,200.89095000195917,None,0.0,0.20219,0.0,1.0
fixed_5_usd|edge=0.0800|cap=none,best_active_challenger,0x10eeaeaf53163594290ef592ef0e9a4232ecf9d380534357bae714694ee15ec5,entry,2026-07-15T22:24:01+00:00,6.555000000000001,200.89095000195917,None,0.0,0.1995,0.0,1.0
fixed_5_usd|edge=0.0800|cap=none,best_active_challenger,0x1b3013327f1dc7a9f154de76042a9f0f9f2f8189c44f3a96b4c172d92cf5e4b2,entry,2026-07-15T23:14:01+00:00,6.8999999999999995,200.89095000195917,None,0.0,0.21,0.0,1.0
fixed_5_usd|edge=0.0800|cap=none,best_active_challenger,0xb99ec6f02942ed344084430baeba967c5efe74e34c9d847e091d8e2e7888ab7d,entry,2026-07-15T23:19:01+00:00,6.555000000000001,200.89095000195917,None,0.0,0.1995,0.0,1.0
fixed_5_usd|edge=0.0800|cap=none|exit=close_at_60s,best_active_challenger_exit_close_at_60s,0x1a767308341f6074680d48126d6e522aeaa4b88048210b17e28c67ad0b286ab0,entry,2026-05-28T08:24:01+00:00,6.21,0.0,None,0.0,0.189,0.0,1.0
fixed_5_usd|edge=0.0800|cap=none|exit=close_at_60s,best_active_challenger_exit_close_at_60s,0xe6c9513b49ba4107bb09f2f9458e8affca48c67c0f89a5a10ed5d405d194cf0b,entry,2026-05-28T13:34:01+00:00,6.555000000000001,0.0,None,0.0,0.1995,0.0,1.0
fixed_5_usd|edge=0.0800|cap=none|exit=close_at_60s,best_active_challenger_exit_close_at_60s,0x9dd09205e9bf3a731af06f567027dda0ca29e993404c76bf229562df5b5082bb,entry,2026-05-28T13:39:01+00:00,6.324999999999999,0.0,None,0.0,0.1925,0.0,1.0
fixed_5_usd|edge=0.0800|cap=none|exit=close_at_60s,best_active_challenger_exit_close_at_60s,0x055cf02d09a77f9260a1ef9af3cc2f908d548b9552b68ff6b8c4e5b850fbfc81,entry,2026-05-29T08:24:01+00:00,6.324999999999999,19.09,None,0.0,0.1925,0.0,1.0
fixed_5_usd|edge=0.0800|cap=none|exit=close_at_60s,best_active_challenger_exit_close_at_60s,0x2758683cf6c9986a279b9913081d654eabbe21ed2b8205a0770e81a82a9146cf,entry,2026-05-29T14:49:01+00:00,6.21,19.09,None,0.0,0.189,0.0,1.0
fixed_5_usd|edge=0.0800|cap=none|exit=close_at_60s,best_active_challenger_exit_close_at_60s,0x83f6acfb44964a25bea3f8cc96e9973f9b02c714c29c78c441334eb4f8f00d7f,entry,2026-05-29T22:39:01+00:00,7.704999999999998,19.09,None,0.0,0.2345,0.0,1.0
fixed_5_usd|edge=0.0800|cap=none|exit=close_at_60s,best_active_challenger_exit_close_at_60s,0x1ff9f86efdd4f10627138818409c5242241f499ea9470f98b6a8619580178e7d,entry,2026-05-30T03:29:01+00:00,7.359999999999999,39.33,None,0.0,0.224,0.0,1.0
fixed_5_usd|edge=0.0800|cap=none|exit=close_at_60s,best_active_challenger_exit_close_at_60s,0xebf9d6f314db76eb1f4e7b5e4244bdca5cc88d084cd0eaf560ae6eeb6ce43759,entry,2026-05-30T03:34:01+00:00,7.934999999999999,39.33,None,0.0,0.2415,0.0,1.0
fixed_5_usd|edge=0.0800|cap=none|exit=close_at_60s,best_active_challenger_exit_close_at_60s,0x29e2c97af0d456676b10e0676e6d378e9e6cbfeec7d320461cbb70439cf80e7e,entry,2026-05-30T03:39:01+00:00,7.704999999999998,39.33,None,0.0,0.2345,0.0,1.0
fixed_5_usd|edge=0.0800|cap=none|exit=close_at_60s,best_active_challenger_exit_close_at_60s,0x78d3724121e51bea773117e41e8ac5dbaf56a8b2db573b328ff658c17cf2c7cd,entry,2026-05-30T03:44:01+00:00,7.244999999999999,39.33,None,0.0,0.2205,0.0,1.0
fixed_5_usd|edge=0.0800|cap=none|exit=close_at_60s,best_active_challenger_exit_close_at_60s,0x664fe20086741e1439d04f6fac136f4f81eb724100a1a7dc7cfbb520fbceaca0,entry,2026-05-30T03:54:01+00:00,7.704999999999998,39.33,None,0.0,0.2345,0.0,1.0
fixed_5_usd|edge=0.0800|cap=none|exit=close_at_60s,best_active_challenger_exit_close_at_60s,0x5210fd1137dd9ba3bc318e7587e9e0ec5867280d5d118294124c841a436e5a2b,entry,2026-05-30T04:09:01+00:00,7.8199999999999985,39.33,None,0.0,0.238,0.0,1.0
fixed_5_usd|edge=0.0800|cap=none|exit=close_at_60s,best_active_challenger_exit_close_at_60s,0x27a7ed46b6268e0ce420d5851ce1b31b0bc3fda79f86b6f98e3f6dcf24193bfd,entry,2026-05-30T04:19:01+00:00,7.589999999999999,39.33,None,0.0,0.231,0.0,1.0
fixed_5_usd|edge=0.0800|cap=none|exit=close_at_60s,best_active_challenger_exit_close_at_60s,0x8ee0246c287af5e033f3943ba2d548bc7e7bcd0a788146b34bdb8bb805fbb795,entry,2026-05-30T04:29:01+00:00,7.475,39.33,None,0.0,0.2275,0.0,1.0
fixed_5_usd|edge=0.0800|cap=none|exit=close_at_60s,best_active_challenger_exit_close_at_60s,0xd2aed32122f269a90bfb38ea83775284ae65b4b762b72fbbe1fb7cdbfaef7820,entry,2026-05-30T04:34:01+00:00,7.155372623876562,39.33,None,0.0,0.21776,0.0,1.0
fixed_5_usd|edge=0.0800|cap=none|exit=close_at_60s,best_active_challenger_exit_close_at_60s,0xbf35c1b6161008ab51a53cdbe0669de9cd0b96601788c60b87d2fac5cab4e5c0,entry,2026-05-30T04:59:01+00:00,6.44,39.33,None,0.0,0.196,0.0,1.0
fixed_5_usd|edge=0.0800|cap=none|exit=close_at_60s,best_active_challenger_exit_close_at_60s,0x7a8342778983f3f40fe75ef6d44d277af6fb6f41c88aacad88eefb917e5a1075,entry,2026-05-30T05:39:01+00:00,7.589999999999999,39.33,None,0.0,0.231,0.0,1.0
fixed_5_usd|edge=0.0800|cap=none|exit=close_at_60s,best_active_challenger_exit_close_at_60s,0xe088ce433d3dd2346840f93eb7e568f180e2513357bd298c5d7cd612043598f8,entry,2026-05-30T07:04:01+00:00,7.934999999999999,39.33,None,0.0,0.2415,0.0,1.0
fixed_5_usd|edge=0.0800|cap=none|exit=close_at_60s,best_active_challenger_exit_close_at_60s,0xe48c11cddcade1e83a24680b19b34b18e42ccc5b2305b9010450d06da6d4f4ea,entry,2026-05-30T08:19:01+00:00,7.014999999999999,39.33,None,0.0,0.2135,0.0,1.0
fixed_5_usd|edge=0.0800|cap=none|exit=close_at_60s,best_active_challenger_exit_close_at_60s,0x20b56a8f421feab2277ce7139a9efefbf8b7966fe458b5f2c455d967fb8db53b,entry,2026-05-30T08:39:01+00:00,7.589999999999999,39.33,None,0.0,0.231,0.0,1.0
fixed_5_usd|edge=0.0800|cap=none|exit=close_at_60s,best_active_challenger_exit_close_at_60s,0xec369a5811af3463bf9ec3ee688baa0d913494a3941c95f45a1fd1b9479274dd,entry,2026-05-30T08:54:01+00:00,7.8199999999999985,39.33,None,0.0,0.238,0.0,1.0
fixed_5_usd|edge=0.0800|cap=none|exit=close_at_60s,best_active_challenger_exit_close_at_60s,0x92fc29513ec09b166427de240590ec8406e5cce2d82057260f6b8f59d43662d3,entry,2026-05-30T08:59:01+00:00,6.785,39.33,None,0.0,0.2065,0.0,1.0
fixed_5_usd|edge=0.0800|cap=none|exit=close_at_60s,best_active_challenger_exit_close_at_60s,0x18cac5b1460466097634852bca8420adc6cfd9341fec1c77eb147f47caae98ec,entry,2026-05-30T09:19:01+00:00,7.704999999999998,39.33,None,0.0,0.2345,0.0,1.0
fixed_5_usd|edge=0.0800|cap=none|exit=close_at_60s,best_active_challenger_exit_close_at_60s,0xee2fed721800e57fe5f628c62870e97fc3c82b0ace22f1e61a18580ebb7af80a,entry,2026-05-30T09:29:01+00:00,7.934999999999999,39.33,None,0.0,0.2415,0.0,1.0
fixed_5_usd|edge=0.0800|cap=none|exit=close_at_60s,best_active_challenger_exit_close_at_60s,0x1f212e661c85dc0583914682e812c973e6605c64058d0aed143b36bb3f356311,entry,2026-05-30T10:59:01+00:00,7.8199999999999985,39.33,None,0.0,0.238,0.0,1.0
fixed_5_usd|edge=0.0800|cap=none|exit=close_at_60s,best_active_challenger_exit_close_at_60s,0x4e18e14960fba78b69c2a93b672e33b6c88c99a942e8e2a9646207aae328be1b,entry,2026-05-30T11:09:01+00:00,7.8199999999999985,39.33,None,0.0,0.238,0.0,1.0
fixed_5_usd|edge=0.0800|cap=none|exit=close_at_60s,best_active_challenger_exit_close_at_60s,0x7250abffca4aa6dff47216990d21284a9b2cb22debd9bdf80256717130b7d09a,entry,2026-05-30T11:14:01+00:00,7.8199999999999985,39.33,None,0.0,0.238,0.0,1.0
fixed_5_usd|edge=0.0800|cap=none|exit=close_at_60s,best_active_challenger_exit_close_at_60s,0x58f9bde4109e896fea5ad62ac7dda82af4ff3d15fed05022d8b6e5187e1d96ba,entry,2026-05-30T11:29:01+00:00,7.934999999999999,39.33,None,0.0,0.2415,0.0,1.0
fixed_5_usd|edge=0.0800|cap=none|exit=close_at_60s,best_active_challenger_exit_close_at_60s,0xb4ec073d674c1d461d1a3d921dcdd72f49f159f0049fa753d808badcaa8038d1,entry,2026-05-30T14:19:01+00:00,7.244999999999999,39.33,None,0.0,0.2205,0.0,1.0
fixed_5_usd|edge=0.0800|cap=none|exit=close_at_60s,best_active_challenger_exit_close_at_60s,0x4e2900fe3da51569d0ceb3a1c70dd9cc298a86cbed31d3448a3cc81e01867943,entry,2026-05-30T21:04:01+00:00,7.475,39.33,None,0.0,0.2275,0.0,1.0
fixed_5_usd|edge=0.0800|cap=none|exit=close_at_60s,best_active_challenger_exit_close_at_60s,0x96155d29dcffc7feb3b41f178b2364538d649a5979b6fccf0e42c86bc5cf5508,entry,2026-05-30T21:19:01+00:00,7.475,39.33,None,0.0,0.2275,0.0,1.0
fixed_5_usd|edge=0.0800|cap=none|exit=close_at_60s,best_active_challenger_exit_close_at_60s,0x618102750770082460cd6e372b90a32633db9e49a7df2b0c805809353fc53055,entry,2026-05-30T21:29:01+00:00,7.589999999999999,39.33,None,0.0,0.231,0.0,1.0
fixed_5_usd|edge=0.0800|cap=none|exit=close_at_60s,best_active_challenger_exit_close_at_60s,0x72b1c73565ebce2ed2542c36da7f0df043c71863b0f1bdfd6139941990b9b374,entry,2026-05-30T22:04:01+00:00,6.324999999999999,39.33,None,0.0,0.1925,0.0,1.0
fixed_5_usd|edge=0.0800|cap=none|exit=close_at_60s,best_active_challenger_exit_close_at_60s,0x582301e6943eb86a43d4f634af2c7e19e79edaa00b249cb70a2c1505cabcd725,entry,2026-05-30T23:29:01+00:00,7.8199999999999985,39.33,None,0.0,0.238,0.0,1.0
fixed_5_usd|edge=0.0800|cap=none|exit=close_at_60s,best_active_challenger_exit_close_at_60s,0x5508d88e78bbee2e5246ab29b8e395e1516cf3b5f70c3072541f044ba4a00d68,entry,2026-05-31T00:59:01+00:00,6.567430076207955,249.46037262387654,None,0.0,0.19987,0.0,1.0
fixed_5_usd|edge=0.0800|cap=none|exit=close_at_60s,best_active_challenger_exit_close_at_60s,0xbc24f96d4389f8c0729a7a13bc4ff480068ed10488fe03ad88d7921592b89049,entry,2026-05-31T05:44:01+00:00,6.324999999999999,249.46037262387654,None,0.0,0.1925,0.0,1.0
fixed_5_usd|edge=0.0800|cap=none|exit=close_at_60s,best_active_challenger_exit_close_at_60s,0x153b571954a7ab12c9f6458a0b73ec797777c56bf2602cf37ac1903de124ed7b,entry,2026-05-31T07:24:01+00:00,6.67,249.46037262387654,None,0.0,0.203,0.0,1.0
fixed_5_usd|edge=0.0800|cap=none|exit=close_at_60s,best_active_challenger_exit_close_at_60s,0x1e61358eaf6d6abf11a5e5fb920ddaa67da413b92358e9fbfbb67364655a57dd,entry,2026-05-31T07:29:01+00:00,7.8199999999999985,249.46037262387654,None,0.0,0.238,0.0,1.0
fixed_5_usd|edge=0.0800|cap=none|exit=close_at_60s,best_active_challenger_exit_close_at_60s,0xb48a517ed2ca4a9e1d1f15fa47844b0bc4a0a9037c6938b9114a1bee4041263d,entry,2026-05-31T07:34:01+00:00,7.475,249.46037262387654,None,0.0,0.2275,0.0,1.0
fixed_5_usd|edge=0.0800|cap=none|exit=close_at_60s,best_active_challenger_exit_close_at_60s,0xb1666bd6c6a2e74509b9d83cc6da10d9228aae6f46b8acb5c4969f9204f1dd2c,entry,2026-05-31T10:24:01+00:00,7.014999999999999,249.46037262387654,None,0.0,0.2135,0.0,1.0
fixed_5_usd|edge=0.0800|cap=none|exit=close_at_60s,best_active_challenger_exit_close_at_60s,0x77ee34493eda2b36a6cea76d6e27ac7f7788f301fbe7dfe61d173d46d9ef03f2,entry,2026-05-31T15:04:01+00:00,7.704999999999998,249.46037262387654,None,0.0,0.2345,0.0,1.0
fixed_5_usd|edge=0.0800|cap=none|exit=close_at_60s,best_active_challenger_exit_close_at_60s,0xad60377457a25c5fd76c093a33e100546ba397999f2c7192508fb17d6614b113,entry,2026-05-31T15:09:01+00:00,7.475,249.46037262387654,None,0.0,0.2275,0.0,1.0
fixed_5_usd|edge=0.0800|cap=none|exit=close_at_60s,best_active_challenger_exit_close_at_60s,0xce4ca8ad7702ddd950657ad2ca60522df7f7899ae1d12387ca041584540139d4,entry,2026-05-31T15:14:01+00:00,7.359999999999999,249.46037262387654,None,0.0,0.224,0.0,1.0
fixed_5_usd|edge=0.0800|cap=none|exit=close_at_60s,best_active_challenger_exit_close_at_60s,0x79f94c32c6c9ff99b7bdc22bf28766e4b7f4ba496286e420cccfacfd32b96c6f,entry,2026-05-31T15:19:01+00:00,7.475,249.46037262387654,None,0.0,0.2275,0.0,1.0
fixed_5_usd|edge=0.0800|cap=none|exit=close_at_60s,best_active_challenger_exit_close_at_60s,0xe2fb1013c707decea6643aeb91865162c16694832170a769c89a05b1cdc6bdb0,entry,2026-05-31T15:24:01+00:00,7.244999999999999,249.46037262387654,None,0.0,0.2205,0.0,1.0
fixed_5_usd|edge=0.0800|cap=none|exit=close_at_60s,best_active_challenger_exit_close_at_60s,0xc62b9ccbd27f0784728fc545c80dbe88e114319a2a6523c7778644c50904ec10,entry,2026-05-31T15:29:01+00:00,6.3043833509564555,249.46037262387654,None,0.0,0.19178,0.0,1.0
fixed_5_usd|edge=0.0800|cap=none|exit=close_at_60s,best_active_challenger_exit_close_at_60s,0x16377b978cb9ea91e5c41238b117a06d8aef65b77d3f253d81c68d8f13585a8c,entry,2026-05-31T15:34:01+00:00,7.475,249.46037262387654,None,0.0,0.2275,0.0,1.0
fixed_5_usd|edge=0.0800|cap=none|exit=close_at_60s,best_active_challenger_exit_close_at_60s,0xeb6ff68b4229af2cbd4ea59344d2b39b76fd8bbb750c3532a08483bbba4979fa,entry,2026-05-31T17:39:01+00:00,6.67,249.46037262387654,None,0.0,0.203,0.0,1.0
fixed_5_usd|edge=0.0800|cap=none|exit=close_at_60s,best_active_challenger_exit_close_at_60s,0xa1a0f8494e663f1cb4d973595dc8ec9b1a1bc18f1b2881f8dfa768bf5858d113,entry,2026-05-31T18:14:01+00:00,7.014999999999999,249.46037262387654,None,0.0,0.2135,0.0,1.0
fixed_5_usd|edge=0.0800|cap=none|exit=close_at_60s,best_active_challenger_exit_close_at_60s,0x2bf8e0bc530f3e710774205f0134ea6a2453b6a9d942484a40146d77ee576796,entry,2026-05-31T18:19:01+00:00,7.014999999999999,249.46037262387654,None,0.0,0.2135,0.0,1.0
fixed_5_usd|edge=0.0800|cap=none|exit=close_at_60s,best_active_challenger_exit_close_at_60s,0xf1852e53329d26e07ff5d07cc32d2b8e912a9084728bf5e4df40bfe3a25a8c55,entry,2026-05-31T18:29:01+00:00,7.244999999999999,249.46037262387654,None,0.0,0.2205,0.0,1.0
fixed_5_usd|edge=0.0800|cap=none|exit=close_at_60s,best_active_challenger_exit_close_at_60s,0xda74be0bb3bfb6b471a5937c9558bb52ff4e3483119e33451466f847b8822543,entry,2026-06-02T04:59:01+00:00,6.324999999999999,370.31718605104095,None,0.0,0.1925,0.0,1.0
fixed_5_usd|edge=0.0800|cap=none|exit=close_at_60s,best_active_challenger_exit_close_at_60s,0xb7b2af364be53124bb5f866829852c7a26c9a2d698d4a3ac1d141ab2f08828ed,entry,2026-06-03T04:54:01+00:00,6.324999999999999,376.64218605104094,None,0.0,0.1925,0.0,1.0
fixed_5_usd|edge=0.0800|cap=none|exit=close_at_60s,best_active_challenger_exit_close_at_60s,0xe33e926f5969c2c302a16068336e5747398e69ac2e99578426afb599a201c6e8,entry,2026-06-03T21:09:01+00:00,6.324999999999999,376.64218605104094,None,0.0,0.1925,0.0,1.0
fixed_5_usd|edge=0.0800|cap=none|exit=close_at_60s,best_active_challenger_exit_close_at_60s,0x0632620696e742816cce4dbe4db8702632e854fcd754887394616d6a64d877e6,entry,2026-06-04T05:39:01+00:00,6.945544554455446,389.2921860510409,None,0.0,0.21137,0.0,1.0
fixed_5_usd|edge=0.0800|cap=none|exit=close_at_60s,best_active_challenger_exit_close_at_60s,0xb690c6497948460d6a589208e338da0cba3a69dea163aafcc7c6cd2492be6531,entry,2026-06-05T07:39:01+00:00,6.44,396.2377306054964,None,0.0,0.196,0.0,1.0
fixed_5_usd|edge=0.0800|cap=none|exit=close_at_60s,best_active_challenger_exit_close_at_60s,0xfd60a89c7897904682cc05b988b75d247de544db611731712c3ea0a3302fc7cf,entry,2026-06-05T08:44:01+00:00,6.67,396.2377306054964,None,0.0,0.203,0.0,1.0
fixed_5_usd|edge=0.0800|cap=none|exit=close_at_60s,best_active_challenger_exit_close_at_60s,0xb24631bd9bf1ce4378a75a5821d8be53a91896b621a9a34597fc30c947de242a,entry,2026-06-06T11:59:01+00:00,7.13,409.3477306054964,None,0.0,0.217,0.0,1.0
fixed_5_usd|edge=0.0800|cap=none|exit=close_at_60s,best_active_challenger_exit_close_at_60s,0xd201e7dbe02e644ca2e758f58788869c7c1176e8d188fe9dde4fc2ed57e3da91,entry,2026-06-06T15:29:01+00:00,6.324999999999999,409.3477306054964,None,0.0,0.1925,0.0,1.0
fixed_5_usd|edge=0.0800|cap=none|exit=close_at_60s,best_active_challenger_exit_close_at_60s,0xfbef8f84d6c2c81ae7f0fe6166a7eb2316ac204bea01e1d075a3fb2482a3681f,entry,2026-06-09T03:09:01+00:00,7.8199999999999985,422.8027306054964,None,0.0,0.238,0.0,1.0
fixed_5_usd|edge=0.0800|cap=none|exit=close_at_60s,best_active_challenger_exit_close_at_60s,0xc470bfe5436d27fd4e2dc52694dcc6ba4d10af695a02e7517486c0d6a8654d8d,entry,2026-06-09T10:59:01+00:00,6.21,422.8027306054964,None,0.0,0.189,0.0,1.0
fixed_5_usd|edge=0.0800|cap=none|exit=close_at_60s,best_active_challenger_exit_close_at_60s,0x5d1a16bd0ef6090d43d0acfdc4ad2aeb7f6a47e3df1fc2c85a10e4374fc42c55,entry,2026-06-09T15:29:01+00:00,6.324999999999999,422.8027306054964,None,0.0,0.1925,0.0,1.0
fixed_5_usd|edge=0.0800|cap=none|exit=close_at_60s,best_active_challenger_exit_close_at_60s,0xa942bead3eee36457f982cfe6dc43c2226a4e988538350400bb7b1c9e0f16845,entry,2026-06-09T16:14:01+00:00,5.864999999999999,422.8027306054964,None,0.0,0.1785,0.0,1.0
fixed_5_usd|edge=0.0800|cap=none|exit=close_at_60s,best_active_challenger_exit_close_at_60s,0xaaae4d3fe36f272aa34bb96a2e9bcb823e2ba91521491d5c878c385635b060c6,entry,2026-06-09T20:49:01+00:00,6.324999999999999,422.8027306054964,None,0.0,0.1925,0.0,1.0
fixed_5_usd|edge=0.0800|cap=none|exit=close_at_60s,best_active_challenger_exit_close_at_60s,0xce5d8e585a4ff845e5fc4de0f9dbec286ab16ed950b6282c2ca0c18d2d0b4541,entry,2026-06-09T22:59:01+00:00,7.014999999999999,422.8027306054964,None,0.0,0.2135,0.0,1.0
fixed_5_usd|edge=0.0800|cap=none|exit=close_at_60s,best_active_challenger_exit_close_at_60s,0x9fe2bc3b193ba5f8ab04fa559d124f29c80056e3c18d962d52879d6e4ee1b24c,entry,2026-06-10T07:19:01+00:00,7.014999999999999,462.3627306054964,None,0.0,0.2135,0.0,1.0
fixed_5_usd|edge=0.0800|cap=none|exit=close_at_60s,best_active_challenger_exit_close_at_60s,0x378de71e5aa5c8909474311bfffa21e42354e9809f2da05c585f15f90a4554cf,entry,2026-07-04T00:04:01+00:00,7.014999999999999,80.08554455445544,None,0.0,0.2135,0.0,1.0
fixed_5_usd|edge=0.0800|cap=none|exit=close_at_60s,best_active_challenger_exit_close_at_60s,0xff82d6b70e0b4d8d3085329ac3a0a4c82241f2ba34ac08296a3034923ffb52f6,entry,2026-07-04T00:09:01+00:00,6.555000000000001,80.08554455445544,None,0.0,0.1995,0.0,1.0
fixed_5_usd|edge=0.0800|cap=none|exit=close_at_60s,best_active_challenger_exit_close_at_60s,0x0671cb2ab385f9c7033b3d3019168ec0d27f859c1ebc2402e2e6c668a34e7159,entry,2026-07-04T00:19:01+00:00,6.785,80.08554455445544,None,0.0,0.2065,0.0,1.0
fixed_5_usd|edge=0.0800|cap=none|exit=close_at_60s,best_active_challenger_exit_close_at_60s,0x02046c38dbf5e8478b9eeb8354dafae34e49b20899824ebb02f11cbb464ff48c,entry,2026-07-04T00:24:01+00:00,6.785,80.08554455445544,None,0.0,0.2065,0.0,1.0
fixed_5_usd|edge=0.0800|cap=none|exit=close_at_60s,best_active_challenger_exit_close_at_60s,0xf9f06f2325bcbe4ff5a57047f0e2bbdcb4231b1568498a06bf4ae41562d3f90f,entry,2026-07-04T00:39:01+00:00,6.555000000000001,80.08554455445544,None,0.0,0.1995,0.0,1.0
fixed_5_usd|edge=0.0800|cap=none|exit=close_at_60s,best_active_challenger_exit_close_at_60s,0x218835e113716883043fd80807cac46490bcd9d87ceb374902945e20a916b9f1,entry,2026-07-04T05:09:01+00:00,6.8999999999999995,80.08554455445544,None,0.0,0.21,0.0,1.0
fixed_5_usd|edge=0.0800|cap=none|exit=close_at_60s,best_active_challenger_exit_close_at_60s,0xd8cb7babae67aad38debd20d3825c5ed47240a91b7bbec38716af719f5276563,entry,2026-07-04T05:34:01+00:00,7.13,80.08554455445544,None,0.0,0.217,0.0,1.0
fixed_5_usd|edge=0.0800|cap=none|exit=close_at_60s,best_active_challenger_exit_close_at_60s,0x43dba069a0b3cc47707fa9d534b3285dd027e38cc617431ef9354c06599346a0,entry,2026-07-04T13:29:01+00:00,6.8999999999999995,80.08554455445544,None,0.0,0.21,0.0,1.0
fixed_5_usd|edge=0.0800|cap=none|exit=close_at_60s,best_active_challenger_exit_close_at_60s,0x487ee741ec39b2cc50680f2f85efba679d133a233a2b165863493bbf8e50c57d,entry,2026-07-04T21:39:01+00:00,7.359999999999999,80.08554455445544,None,0.0,0.224,0.0,1.0
fixed_5_usd|edge=0.0800|cap=none|exit=close_at_60s,best_active_challenger_exit_close_at_60s,0x4dfbfe0a53c7256ea08854628068b169a6544cec90b63fbea8d89fb21e5fb756,entry,2026-07-04T23:59:01+00:00,7.244999999999999,80.08554455445544,None,0.0,0.2205,0.0,1.0
fixed_5_usd|edge=0.0800|cap=none|exit=close_at_60s,best_active_challenger_exit_close_at_60s,0x0731d4be8ac7cc709350be838b0d7210fe3385ac91d20ca42997aa39861783c3,entry,2026-07-05T00:29:01+00:00,6.324999999999999,142.37,None,0.0,0.1925,0.0,1.0
fixed_5_usd|edge=0.0800|cap=none|exit=close_at_60s,best_active_challenger_exit_close_at_60s,0x596457c14690d916865af3ebf2023cf1a0591ad6a2e29d729083b2f7ed46ca6c,entry,2026-07-05T00:34:01+00:00,6.785,142.37,None,0.0,0.2065,0.0,1.0
fixed_5_usd|edge=0.0800|cap=none|exit=close_at_60s,best_active_challenger_exit_close_at_60s,0x4d82cf298551d231e13a81f482ea9d0f1562e18a5985bc529cfd082dbb601436,entry,2026-07-05T08:44:01+00:00,6.324999999999999,142.37,None,0.0,0.1925,0.0,1.0
fixed_5_usd|edge=0.0800|cap=none|exit=close_at_60s,best_active_challenger_exit_close_at_60s,0x88248288bf189f3054cdf5e56375c709280a8c9c1a4923db1de345fa029e7ef9,entry,2026-07-05T13:09:01+00:00,7.014999999999999,142.37,None,0.0,0.2135,0.0,1.0
fixed_5_usd|edge=0.0800|cap=none|exit=close_at_60s,best_active_challenger_exit_close_at_60s,0xa227592dae0252c8035b0d72b45318e47eb9f5c53f129dbefb66ebe0060ca316,entry,2026-07-05T13:49:01+00:00,6.785,142.37,None,0.0,0.2065,0.0,1.0
fixed_5_usd|edge=0.0800|cap=none|exit=close_at_60s,best_active_challenger_exit_close_at_60s,0x2cc794e5e878c79761e41f8c7eeea4ee9ad72521c7aab5ac7366ab7ef936f042,entry,2026-07-05T15:04:01+00:00,7.13,142.37,None,0.0,0.217,0.0,1.0
fixed_5_usd|edge=0.0800|cap=none|exit=close_at_60s,best_active_challenger_exit_close_at_60s,0x613d258bb35e2efc1d36d97246594243de6d2df3ed03e1b6be54c3d8ca0f3be5,entry,2026-07-05T20:19:01+00:00,6.785,142.37,None,0.0,0.2065,0.0,1.0
fixed_5_usd|edge=0.0800|cap=none|exit=close_at_60s,best_active_challenger_exit_close_at_60s,0x1f70dec0ddd79e5e2034a22ff5df8339222824a3bbee19168cb197b3dd26ecba,entry,2026-07-06T15:44:01+00:00,6.555000000000001,176.41,None,0.0,0.1995,0.0,1.0
fixed_5_usd|edge=0.0800|cap=none|exit=close_at_60s,best_active_challenger_exit_close_at_60s,0xc0bc6f5738cec2514d6e2d8672c2859d2b5f760cb7dd70a7eb6bcde6c86fdc95,entry,2026-07-06T20:39:01+00:00,6.67,176.41,None,0.0,0.203,0.0,1.0
fixed_5_usd|edge=0.0800|cap=none|exit=close_at_60s,best_active_challenger_exit_close_at_60s,0x6b448edfdf0bdd1fb31d128066e10b8c071a4151bd4bd8ef1ed1fd8bc6bf471c,entry,2026-07-06T20:49:01+00:00,6.67,176.41,None,0.0,0.203,0.0,1.0
fixed_5_usd|edge=0.0800|cap=none|exit=close_at_60s,best_active_challenger_exit_close_at_60s,0x1304d7484b5953c5e5ce7d3800f91c7e75195999b5a40943b5c4efc7b81f0bb2,entry,2026-07-06T21:19:01+00:00,6.44,176.41,None,0.0,0.196,0.0,1.0
fixed_5_usd|edge=0.0800|cap=none|exit=close_at_60s,best_active_challenger_exit_close_at_60s,0x85a6af18dfece2237e59282ccb8ca3f64eb4d57b5645809a8046adb8f3f0bbe7,entry,2026-07-06T21:24:01+00:00,6.555000000000001,176.41,None,0.0,0.1995,0.0,1.0
fixed_5_usd|edge=0.0800|cap=none|exit=close_at_60s,best_active_challenger_exit_close_at_60s,0x922212a44d59b48c8cb3578ad1d5c718f3882af578bd7e177f243e62939ff9e7,entry,2026-07-07T04:34:01+00:00,6.324999999999999,195.845,None,0.0,0.1925,0.0,1.0
fixed_5_usd|edge=0.0800|cap=none|exit=close_at_60s,best_active_challenger_exit_close_at_60s,0x19afee521c61e46440fd1f43e0c492dca5b1ed886c35ed28192d85eaa8a23dc8,entry,2026-07-07T04:39:01+00:00,7.13,195.845,None,0.0,0.217,0.0,1.0
fixed_5_usd|edge=0.0800|cap=none|exit=close_at_60s,best_active_challenger_exit_close_at_60s,0xb8dfd50417409d855a5d2be4c4810bbcf6660b8bffcadec3bf6ccf0b5f17828c,entry,2026-07-07T05:04:01+00:00,6.44,195.845,None,0.0,0.196,0.0,1.0
fixed_5_usd|edge=0.0800|cap=none|exit=close_at_60s,best_active_challenger_exit_close_at_60s,0x08cbfffeb8eac488400d776bae9f22db5f37fc2b6d8887274f4785b54b926217,entry,2026-07-07T05:09:01+00:00,6.324999999999999,195.845,None,0.0,0.1925,0.0,1.0
fixed_5_usd|edge=0.0800|cap=none|exit=close_at_60s,best_active_challenger_exit_close_at_60s,0xd3c6c383c9596068abb5cbe6fcac0241fb3c5505ec8c7669c75639a827d8faa7,entry,2026-07-07T05:59:01+00:00,6.785,195.845,None,0.0,0.2065,0.0,1.0
fixed_5_usd|edge=0.0800|cap=none|exit=close_at_60s,best_active_challenger_exit_close_at_60s,0xdfb47c81a300b0e039cc56c5f69cfe74c4a76f68ddf1ff6af1c1f6a3f81403b9,entry,2026-07-07T06:09:01+00:00,6.324999999999999,195.845,None,0.0,0.1925,0.0,1.0
fixed_5_usd|edge=0.0800|cap=none|exit=close_at_60s,best_active_challenger_exit_close_at_60s,0xa6d2f7c14f8985e2a13eeeba44e74ec6864623eec32dfac0c35e5f0794177d55,entry,2026-07-07T09:14:01+00:00,6.655950001959172,195.845,None,0.0,0.20256,0.0,1.0
fixed_5_usd|edge=0.0800|cap=none|exit=close_at_60s,best_active_challenger_exit_close_at_60s,0xef3eb5756af918f00f7280ad04aa4b4516c2a44b4611d4aab520486940f4b614,entry,2026-07-08T02:09:01+00:00,5.635,241.83095000195917,None,0.0,0.1715,0.0,1.0
fixed_5_usd|edge=0.0800|cap=none|exit=close_at_60s,best_active_challenger_exit_close_at_60s,0x9f359fd2e7ecc0630bbebdd9fe9cddda3d57e5d7028e5ea5fdd3b09bc084ed31,entry,2026-07-15T21:54:01+00:00,6.8999999999999995,200.89095000195917,None,0.0,0.21,0.0,1.0
fixed_5_usd|edge=0.0800|cap=none|exit=close_at_60s,best_active_challenger_exit_close_at_60s,0xda3f67ee154dd95097eb57b395d3e8ae462f2c4e1dfc50ecf0432ab18aeda061,entry,2026-07-15T22:19:01+00:00,6.643867229696553,200.89095000195917,None,0.0,0.20219,0.0,1.0
fixed_5_usd|edge=0.0800|cap=none|exit=close_at_60s,best_active_challenger_exit_close_at_60s,0x10eeaeaf53163594290ef592ef0e9a4232ecf9d380534357bae714694ee15ec5,entry,2026-07-15T22:24:01+00:00,6.555000000000001,200.89095000195917,None,0.0,0.1995,0.0,1.0
fixed_5_usd|edge=0.0800|cap=none|exit=close_at_60s,best_active_challenger_exit_close_at_60s,0x1b3013327f1dc7a9f154de76042a9f0f9f2f8189c44f3a96b4c172d92cf5e4b2,entry,2026-07-15T23:14:01+00:00,6.8999999999999995,200.89095000195917,None,0.0,0.21,0.0,1.0
fixed_5_usd|edge=0.0800|cap=none|exit=close_at_60s,best_active_challenger_exit_close_at_60s,0xb99ec6f02942ed344084430baeba967c5efe74e34c9d847e091d8e2e7888ab7d,entry,2026-07-15T23:19:01+00:00,6.555000000000001,200.89095000195917,None,0.0,0.1995,0.0,1.0
fixed_5_usd|edge=0.0800|cap=none|exit=close_at_60s,best_active_challenger_exit_close_at_60s,0x9363bf2a28bb4e7b937676e634d5efcefcde416be57d85b6bcbf5874061efcac,entry,2026-07-15T23:44:01+00:00,7.13,200.89095000195917,None,0.0,0.217,0.0,1.0
fixed_5_usd|edge=0.0800|cap=none|exit=close_at_60s,best_active_challenger_exit_close_at_60s,0x3a200f62d4c4863e422ddb8233e1f0cbc4668c6d5fa98b39b3abf37a21d51547,entry,2026-07-15T23:54:01+00:00,7.13,200.89095000195917,None,0.0,0.217,0.0,1.0
fixed_5_usd|edge=0.0800|cap=none|exit=close_at_60s,best_active_challenger_exit_close_at_60s,0xd60e4186036ead0bc9d148af1169252d5cedbc8f08aee678f6fb9fbbbea04c38,entry,2026-07-16T00:29:01+00:00,6.44,248.7048172316557,None,0.0,0.196,0.0,1.0
fixed_5_usd|edge=0.0800|cap=none|exit=close_at_60s,best_active_challenger_exit_close_at_60s,0xb7872b2a97c4d3663a4f07bbdacb58bfdcd881229997c8e886062c01fc13c04c,entry,2026-07-16T07:29:01+00:00,5.9799999999999995,248.7048172316557,None,0.0,0.182,0.0,1.0
fixed_5_usd|edge=0.0800|cap=none|exit=close_at_60s,best_active_challenger_exit_close_at_60s,0x4ba85b018ee8d6090b9760c90198f74a9066c32ff61019b77f69ee6236062aa5,entry,2026-07-16T15:29:01+00:00,6.8999999999999995,248.7048172316557,None,0.0,0.21,0.0,1.0
fixed_5_usd|edge=0.0800|cap=none|exit=close_at_60s,best_active_challenger_exit_close_at_60s,0xe31e0d364924117bfa87c91fe0ef55674d43d5b357c44780d8d83e2baf104481,entry,2026-07-16T21:09:01+00:00,5.75,248.7048172316557,None,0.0,0.175,0.0,1.0
fixed_5_usd|edge=0.0800|cap=none|exit=close_at_60s,best_active_challenger_exit_close_at_60s,0x4a3eb5774724484dc413dbc833e65bfc709dd1f797bf137a34f1620ef49229ea,entry,2026-07-16T21:29:01+00:00,7.014999999999999,248.7048172316557,None,0.0,0.2135,0.0,1.0
fixed_5_usd|edge=0.0800|cap=none|exit=close_at_60s,best_active_challenger_exit_close_at_60s,0x6eb00fc08d39835a624d1b672af491411ee3b58e2cb0bb72931042228045949b,entry,2026-07-16T21:34:01+00:00,7.014999999999999,248.7048172316557,None,0.0,0.2135,0.0,1.0
fixed_5_usd|edge=0.0800|cap=none|exit=close_at_60s,best_active_challenger_exit_close_at_60s,0x51b19803c6e4427e4c124b058b9fae2398cd15a3d4966cffc1b67a4a7eec6dd8,entry,2026-07-16T21:39:01+00:00,7.014999999999999,248.7048172316557,None,0.0,0.2135,0.0,1.0
fixed_5_usd|edge=0.0800|cap=none|exit=close_at_60s,best_active_challenger_exit_close_at_60s,0x97a404b54131107acb474b67bd7f523804e46ddb2a74559e6fe3298420afd13e,entry,2026-07-16T21:44:01+00:00,6.555000000000001,248.7048172316557,None,0.0,0.1995,0.0,1.0
fixed_5_usd|edge=0.0800|cap=none|exit=close_at_60s,best_active_challenger_exit_close_at_60s,0x675edcb38a2dec839615f3ee8ac1e3651fa135cb337787139a976514c563a6ec,entry,2026-07-16T21:49:01+00:00,7.244999999999999,248.7048172316557,None,0.0,0.2205,0.0,1.0
fixed_5_usd|edge=0.0800|cap=none|exit=close_at_60s,best_active_challenger_exit_close_at_60s,0xdfbc8283dceb15de782d1d203204ff664c542b9754b39911c095498683539c87,entry,2026-07-16T22:04:01+00:00,7.014999999999999,248.7048172316557,None,0.0,0.2135,0.0,1.0
fixed_5_usd|edge=0.0800|cap=none|exit=close_at_60s,best_active_challenger_exit_close_at_60s,0x493b2a8cb8710ee0cd0c200cce3753caecc779edcf8b09b0321d353fa74c83d0,entry,2026-07-16T22:14:01+00:00,7.014999999999999,248.7048172316557,None,0.0,0.2135,0.0,1.0
fixed_5_usd|edge=0.0800|cap=none|exit=close_at_60s,best_active_challenger_exit_close_at_60s,0x840a09431809e462360be2adf19d6e462a72cb80e3240f5ffc49e6ced68760de,entry,2026-07-16T22:24:01+00:00,6.67,248.7048172316557,None,0.0,0.203,0.0,1.0
fixed_5_usd|edge=0.0800|cap=none|exit=close_at_60s,best_active_challenger_exit_close_at_60s,0x4c3b71ee628e699adb21adb571a67b0ef4447956ace97af3ea4ea855bcb092d8,entry,2026-07-16T22:29:01+00:00,7.13,248.7048172316557,None,0.0,0.217,0.0,1.0
fixed_5_usd|edge=0.0800|cap=none|exit=close_at_60s,best_active_challenger_exit_close_at_60s,0xfaee8564b255fcd031b0531cf57e7316a27855068f2a082128bb742e2ed9c811,entry,2026-07-16T22:44:01+00:00,7.13,248.7048172316557,None,0.0,0.217,0.0,1.0
fixed_5_usd|edge=0.0800|cap=none|exit=close_at_60s,best_active_challenger_exit_close_at_60s,0xfe5e2df2e6ce2eaf6d3b96863266b2da299e73d9662df0d3ed1d4775651fad41,entry,2026-07-16T22:54:01+00:00,6.8999999999999995,248.7048172316557,None,0.0,0.21,0.0,1.0
fixed_5_usd|edge=0.0800|cap=none|exit=close_at_60s,best_active_challenger_exit_close_at_60s,0xec70687972c3f13aba48d93d5c65ec1ca8e4e3c58a0b05e9f4197bf9311fbdf3,entry,2026-07-16T23:04:01+00:00,7.475,248.7048172316557,None,0.0,0.2275,0.0,1.0
fixed_5_usd|edge=0.0800|cap=none|exit=close_at_60s,best_active_challenger_exit_close_at_60s,0xc0750a5008a49096e759c55c2830e9fc43a4d800d4f58146f33679a3aeabe89b,entry,2026-07-16T23:09:01+00:00,7.244999999999999,248.7048172316557,None,0.0,0.2205,0.0,1.0
fixed_5_usd|edge=0.0800|cap=none|exit=close_at_60s,best_active_challenger_exit_close_at_60s,0x49a20c312aacc96d65800d85d76adaebd1f1abaa18ab4f51d1fdcdb0135f201c,entry,2026-07-17T06:24:01+00:00,5.75,365.1998172316557,None,0.0,0.175,0.0,1.0
fixed_5_usd|edge=0.0800|cap=none|exit=close_at_60s,best_active_challenger_exit_close_at_60s,0x7b80198c66b290550de933fff0d9904ba10c274c3a546bf19a0780aab0fea8da,entry,2026-07-17T07:54:01+00:00,6.44,365.1998172316557,None,0.0,0.196,0.0,1.0
fixed_5_usd|edge=0.0800|cap=none|exit=close_at_60s,best_active_challenger_exit_close_at_60s,0xa46bcdc1ccf34429894d8f0f585c6ec8c2c4fbe002dda7ad1a2ea2de9bb55eda,entry,2026-07-17T18:39:01+00:00,6.785,365.1998172316557,None,0.0,0.2065,0.0,1.0
fixed_5_usd|edge=0.0800|cap=none|exit=close_at_60s,best_active_challenger_exit_close_at_60s,0x544648fc94e1c6c632ea3d78f61fc467ac2e7566f2bf482fe41322fa75e35134,entry,2026-07-17T18:44:01+00:00,6.555000000000001,365.1998172316557,None,0.0,0.1995,0.0,1.0
fixed_5_usd|edge=0.0800|cap=none|exit=close_at_60s,best_active_challenger_exit_close_at_60s,0x0005f6cde760f7a5ad21ea17ff90c03a11c334d00e40b5173dfbc6aedb9efc5a,entry,2026-07-17T23:44:01+00:00,7.13,365.1998172316557,None,0.0,0.217,0.0,1.0
fixed_5_usd|edge=0.0800|cap=none|exit=close_at_60s,best_active_challenger_exit_close_at_60s,0xc4a4ae468f40f7077b37bfb81f2f9a22ddc4d49d180a64fd1136b2f3100e468e,entry,2026-07-18T00:39:01+00:00,6.785,397.8598172316557,None,0.0,0.2065,0.0,1.0
fixed_5_usd|edge=0.0800|cap=none|exit=close_at_60s,best_active_challenger_exit_close_at_60s,0x3776fb3566ddbaa19667d4d387fe3de648a4e26c419d775ba669fec0e472b484,entry,2026-07-18T00:44:01+00:00,6.785,397.8598172316557,None,0.0,0.2065,0.0,1.0
fixed_5_usd|edge=0.0800|cap=none|exit=close_at_60s,best_active_challenger_exit_close_at_60s,0x597a2668d18441a366eacc08dd0a6c98c2792034a75a07b49f88562b9502deb5,entry,2026-07-18T00:49:01+00:00,7.359999999999999,397.8598172316557,None,0.0,0.224,0.0,1.0
fixed_5_usd|edge=0.0800|cap=none|exit=close_at_60s,best_active_challenger_exit_close_at_60s,0x4888ec9c03a27cb629bad4fb049ace9a7265d65599b13b4fe88d924e9084dcee,entry,2026-07-18T00:59:01+00:00,7.589999999999999,397.8598172316557,None,0.0,0.231,0.0,1.0
fixed_5_usd|edge=0.0800|cap=none|exit=close_at_60s,best_active_challenger_exit_close_at_60s,0x4daeacf6f3086218434c51503b8ee5fed0b7848b1fea344ab205ddfaeba04594,entry,2026-07-18T01:04:01+00:00,6.67,397.8598172316557,None,0.0,0.203,0.0,1.0
fixed_5_usd|edge=0.0800|cap=none|exit=close_at_60s,best_active_challenger_exit_close_at_60s,0x9dea6980bdf04f5ba7b32f765b45036cf5477570a1b7f4951eb85ffa3e9b7a1d,entry,2026-07-18T01:19:01+00:00,7.46325981395893,397.8598172316557,None,0.0,0.22713,0.0,1.0
fixed_5_usd|edge=0.0800|cap=none|exit=close_at_60s,best_active_challenger_exit_close_at_60s,0xeb89697e976c90f54997cc8ea4462aeb77f224deda2d5546cbf0c3d4c22a9a24,entry,2026-07-18T01:29:01+00:00,6.67,397.8598172316557,None,0.0,0.203,0.0,1.0
fixed_5_usd|edge=0.0800|cap=none|exit=close_at_60s,best_active_challenger_exit_close_at_60s,0x2c481cae3559b5aac65e5c4e9e46a75a5785356d9fcdfbabbe1750d9a8c7db9c,entry,2026-07-18T02:09:01+00:00,6.785,397.8598172316557,None,0.0,0.2065,0.0,1.0
fixed_5_usd|edge=0.0800|cap=none|exit=close_at_60s,best_active_challenger_exit_close_at_60s,0xc457fe9c28a3e6a1c2b3f0e4e6710eda328cc79edfbc59118f191fa50da77e6d,entry,2026-07-18T02:34:01+00:00,6.8999999999999995,397.8598172316557,None,0.0,0.21,0.0,1.0
fixed_5_usd|edge=0.0800|cap=none|exit=close_at_60s,best_active_challenger_exit_close_at_60s,0x32adf4a93f5e221f8478e3fb7f95a95972fc1af373a04e050536433be1a96c91,entry,2026-07-18T03:14:01+00:00,7.589999999999999,397.8598172316557,None,0.0,0.231,0.0,1.0
fixed_5_usd|edge=0.0800|cap=none|exit=close_at_60s,best_active_challenger_exit_close_at_60s,0x01e5c1872acd1833aadd754fcdd1c7258558378685e17226b4cee5c1fcfbf344,entry,2026-07-18T03:24:01+00:00,7.244999999999999,397.8598172316557,None,0.0,0.2205,0.0,1.0
fixed_5_usd|edge=0.0800|cap=none|exit=close_at_60s,best_active_challenger_exit_close_at_60s,0xa0238741a391036077d6b1f93c5d115d81bf195248713de455b53119aa41600d,entry,2026-07-18T03:29:01+00:00,7.572481021057355,397.8598172316557,None,0.0,0.23045,0.0,1.0
fixed_5_usd|edge=0.0800|cap=none|exit=close_at_60s,best_active_challenger_exit_close_at_60s,0x080eb01d57983ae33f11b2a7bf6bc688202cdfd3d66dc977d9b0098e48daa6c9,entry,2026-07-18T07:09:01+00:00,7.475,397.8598172316557,None,0.0,0.2275,0.0,1.0
free_cash_5pct_cap20|edge=0.0000|cap=20,cap_20_control,0x319c1359657e12ee8714c9e71e3f1b90309de36902a495f8ba3c931fb5048a94,entry,2026-07-18T16:19:01+00:00,2.743311495406188,0.0,None,0.0,0.08349,0.0,1.0
free_cash_5pct_cap20|edge=0.0000|cap=20,cap_20_control,0x5f561c6b3949662b1cf40a3b1b09d675aa566129bc321ce743d839b03742bf8a,entry,2026-08-02T14:29:01+00:00,2.3386183565722907,2.743311495406188,None,0.0,0.07118,0.0,1.0
free_cash_5pct_cap20|edge=0.0000|cap=20,cap_20_control,0x3ed92986319277f77f78702e3141b981f80b9c1aee1a2c3e8ccb7dddd86725d8,entry,2026-08-08T17:24:01+00:00,2.5235428645691873,5.081929851978479,None,0.0,0.0768,0.0,1.0
free_cash_5pct_cap20|edge=0.0000|cap=20,cap_20_control,0x7eecce7d0454649e59a67d473c3d394a7abf160059c21ed91b1cf38802620203,entry,2026-08-08T18:34:01+00:00,2.5633575305654293,5.081929851978479,None,0.0,0.07802,0.0,1.0
free_cash_5pct_cap20|edge=0.0000|cap=20,cap_20_control,0xdbf7d0bfd8ff95b965821e732479fe0667eb0f1fbe54bb6b2c7bb7ea935832b3,entry,2026-08-08T19:19:01+00:00,2.464810379596528,5.081929851978479,None,0.0,0.07502,0.0,1.0
free_cash_5pct_cap20|edge=0.0000|cap=20,cap_20_control,0xc749c263e28b5a43466f7bda0ade3ee77d801914f5e939349a53ba4b6009d5cb,entry,2026-08-08T19:54:01+00:00,2.6402627223493154,5.081929851978479,None,0.0,0.08036,0.0,1.0
free_cash_5pct_cap20|edge=0.0000|cap=20,cap_20_control,0x90a1c6632cd78258c7eab714f4375d2b03da915d24da4197f1fac00f9da741fe,entry,2026-08-08T21:24:01+00:00,2.693429086095837,5.081929851978479,None,0.0,0.08197,0.0,1.0
free_cash_5pct_cap20|edge=0.0000|cap=20,cap_20_control,0x76bf9b57e363e2977fe6e9aa9f3771f15ddb9ccf915f5ed62d8558278a673c04,entry,2026-08-29T14:04:01+00:00,2.247167981006397,15.224020939748588,None,0.0,0.06839,0.0,1.0
