policy,cap_usd,fee_scenario,ask_age_limit_seconds,release_delay_seconds,execution_assumption,initial_cash_usd,ending_cash_after_assumed_release_usd,net_pnl_usd,trade_pnl_sum_usd,trade_count,skip_count,gross_turnover_usd,fees_paid_estimated_usd,max_drawdown_cost_basis_equity,max_drawdown_peak_utc,max_drawdown_trough_utc,max_drawdown_recovery_utc,maximum_concurrent_cost_basis_exposure_usd,maximum_concurrent_positions,minimum_free_cash_usd,mean_gross_stake_usd,median_gross_stake_usd,max_gross_stake_usd,mean_ask_vwap_usd,median_ask_vwap_usd,top_positive_pnl_entry_day_utc,top_entry_day_net_pnl_usd,top_positive_day_share_of_positive_daily_pnl,worst_entry_day_utc,worst_entry_day_net_pnl_usd,skip_reasons,scenario_id,scenario_group
fixed_5_usd,,current_gamma_schedule_0p07_counterfactual,1,60,price_worse_0p01,100,4.410459281,-95.58954072,-95.58954072,480,49704,2400,88.55245,0.9711173203,2026-04-22T09:56:26+00:00,2026-05-12T02:11:16+00:00,,10,2,3.455039163,5,5,5,0.4728986247,0.48,2026-04-28,27.37252156,0.2294678164,2026-04-29,-33.93709974,"{""ambiguous_equal_source_timestamp_order"": 4029, ""archive_gap_after_book_initialization"": 8, ""archive_hour_missing_at_entry"": 36, ""ask_source_age_over_1s"": 1982, ""future_source_timestamp_at_entry"": 3, ""insufficient_free_cash_for_cash_debit"": 3385, ""missing_official_outcome_or_resolution_time"": 11, ""native_ask_bbo_reconciliation_mismatch"": 650, ""no_native_book_snapshot"": 8379, ""no_positive_net_expected_value"": 28547, ""no_priceable_native_ask_side"": 2674}",fee=current_gamma_schedule_0p07_counterfactual|ask_age<=1s|release=60s|exec=price_worse_0p01,execution_sensitivity
free_cash_5pct_cap5,5,current_gamma_schedule_0p07_counterfactual,1,60,price_worse_0p01,100,26.88782117,-73.11217883,-73.11217883,351,49833,1496.824947,55.52155,0.8176272275,2026-04-22T09:56:26+00:00,2026-08-08T21:32:25+00:00,,10,2,26.11729691,4.264458537,4.781632495,5,0.4637329043,0.48,2026-04-28,25.94993475,0.2762173202,2026-04-29,-33.84514943,"{""ambiguous_equal_source_timestamp_order"": 4029, ""archive_gap_after_book_initialization"": 8, ""archive_hour_missing_at_entry"": 36, ""ask_source_age_over_1s"": 1982, ""below_minimum_order_shares"": 21152, ""future_source_timestamp_at_entry"": 3, ""missing_official_outcome_or_resolution_time"": 11, ""native_ask_bbo_reconciliation_mismatch"": 650, ""no_native_book_snapshot"": 8379, ""no_positive_net_expected_value"": 2624, ""no_priceable_native_ask_side"": 10959}",fee=current_gamma_schedule_0p07_counterfactual|ask_age<=1s|release=60s|exec=price_worse_0p01,execution_sensitivity
free_cash_5pct_cap10,10,current_gamma_schedule_0p07_counterfactual,1,60,price_worse_0p01,100,26.09849959,-73.90150041,-73.90150041,319,49865,1387.440877,51.35968,0.8239482926,2026-04-22T09:56:26+00:00,2026-08-29T14:11:54+00:00,,12.91674982,2,26.09849959,4.349344442,4.440307039,7.412168837,0.4643700363,0.48,2026-04-28,22.74806758,0.2723513302,2026-04-29,-30.40409932,"{""ambiguous_equal_source_timestamp_order"": 4029, ""archive_gap_after_book_initialization"": 8, ""archive_hour_missing_at_entry"": 36, ""ask_source_age_over_1s"": 1982, ""below_minimum_order_shares"": 21173, ""future_source_timestamp_at_entry"": 3, ""missing_official_outcome_or_resolution_time"": 11, ""native_ask_bbo_reconciliation_mismatch"": 650, ""no_native_book_snapshot"": 8379, ""no_positive_net_expected_value"": 2494, ""no_priceable_native_ask_side"": 11100}",fee=current_gamma_schedule_0p07_counterfactual|ask_age<=1s|release=60s|exec=price_worse_0p01,execution_sensitivity
free_cash_5pct_cap15,15,current_gamma_schedule_0p07_counterfactual,1,60,price_worse_0p01,100,26.09849959,-73.90150041,-73.90150041,319,49865,1387.440877,51.35968,0.8239482926,2026-04-22T09:56:26+00:00,2026-08-29T14:11:54+00:00,,12.91674982,2,26.09849959,4.349344442,4.440307039,7.412168837,0.4643700363,0.48,2026-04-28,22.74806758,0.2723513302,2026-04-29,-30.40409932,"{""ambiguous_equal_source_timestamp_order"": 4029, ""archive_gap_after_book_initialization"": 8, ""archive_hour_missing_at_entry"": 36, ""ask_source_age_over_1s"": 1982, ""below_minimum_order_shares"": 21173, ""future_source_timestamp_at_entry"": 3, ""missing_official_outcome_or_resolution_time"": 11, ""native_ask_bbo_reconciliation_mismatch"": 650, ""no_native_book_snapshot"": 8379, ""no_positive_net_expected_value"": 2494, ""no_priceable_native_ask_side"": 11100}",fee=current_gamma_schedule_0p07_counterfactual|ask_age<=1s|release=60s|exec=price_worse_0p01,execution_sensitivity
free_cash_5pct_cap20,20,current_gamma_schedule_0p07_counterfactual,1,60,price_worse_0p01,100,26.09849959,-73.90150041,-73.90150041,319,49865,1387.440877,51.35968,0.8239482926,2026-04-22T09:56:26+00:00,2026-08-29T14:11:54+00:00,,12.91674982,2,26.09849959,4.349344442,4.440307039,7.412168837,0.4643700363,0.48,2026-04-28,22.74806758,0.2723513302,2026-04-29,-30.40409932,"{""ambiguous_equal_source_timestamp_order"": 4029, ""archive_gap_after_book_initialization"": 8, ""archive_hour_missing_at_entry"": 36, ""ask_source_age_over_1s"": 1982, ""below_minimum_order_shares"": 21173, ""future_source_timestamp_at_entry"": 3, ""missing_official_outcome_or_resolution_time"": 11, ""native_ask_bbo_reconciliation_mismatch"": 650, ""no_native_book_snapshot"": 8379, ""no_positive_net_expected_value"": 2494, ""no_priceable_native_ask_side"": 11100}",fee=current_gamma_schedule_0p07_counterfactual|ask_age<=1s|release=60s|exec=price_worse_0p01,execution_sensitivity
free_cash_5pct_cap30,30,current_gamma_schedule_0p07_counterfactual,1,60,price_worse_0p01,100,26.09849959,-73.90150041,-73.90150041,319,49865,1387.440877,51.35968,0.8239482926,2026-04-22T09:56:26+00:00,2026-08-29T14:11:54+00:00,,12.91674982,2,26.09849959,4.349344442,4.440307039,7.412168837,0.4643700363,0.48,2026-04-28,22.74806758,0.2723513302,2026-04-29,-30.40409932,"{""ambiguous_equal_source_timestamp_order"": 4029, ""archive_gap_after_book_initialization"": 8, ""archive_hour_missing_at_entry"": 36, ""ask_source_age_over_1s"": 1982, ""below_minimum_order_shares"": 21173, ""future_source_timestamp_at_entry"": 3, ""missing_official_outcome_or_resolution_time"": 11, ""native_ask_bbo_reconciliation_mismatch"": 650, ""no_native_book_snapshot"": 8379, ""no_positive_net_expected_value"": 2494, ""no_priceable_native_ask_side"": 11100}",fee=current_gamma_schedule_0p07_counterfactual|ask_age<=1s|release=60s|exec=price_worse_0p01,execution_sensitivity
free_cash_5pct_cap50,50,current_gamma_schedule_0p07_counterfactual,1,60,price_worse_0p01,100,26.09849959,-73.90150041,-73.90150041,319,49865,1387.440877,51.35968,0.8239482926,2026-04-22T09:56:26+00:00,2026-08-29T14:11:54+00:00,,12.91674982,2,26.09849959,4.349344442,4.440307039,7.412168837,0.4643700363,0.48,2026-04-28,22.74806758,0.2723513302,2026-04-29,-30.40409932,"{""ambiguous_equal_source_timestamp_order"": 4029, ""archive_gap_after_book_initialization"": 8, ""archive_hour_missing_at_entry"": 36, ""ask_source_age_over_1s"": 1982, ""below_minimum_order_shares"": 21173, ""future_source_timestamp_at_entry"": 3, ""missing_official_outcome_or_resolution_time"": 11, ""native_ask_bbo_reconciliation_mismatch"": 650, ""no_native_book_snapshot"": 8379, ""no_positive_net_expected_value"": 2494, ""no_priceable_native_ask_side"": 11100}",fee=current_gamma_schedule_0p07_counterfactual|ask_age<=1s|release=60s|exec=price_worse_0p01,execution_sensitivity
free_cash_5pct_cap75,75,current_gamma_schedule_0p07_counterfactual,1,60,price_worse_0p01,100,26.09849959,-73.90150041,-73.90150041,319,49865,1387.440877,51.35968,0.8239482926,2026-04-22T09:56:26+00:00,2026-08-29T14:11:54+00:00,,12.91674982,2,26.09849959,4.349344442,4.440307039,7.412168837,0.4643700363,0.48,2026-04-28,22.74806758,0.2723513302,2026-04-29,-30.40409932,"{""ambiguous_equal_source_timestamp_order"": 4029, ""archive_gap_after_book_initialization"": 8, ""archive_hour_missing_at_entry"": 36, ""ask_source_age_over_1s"": 1982, ""below_minimum_order_shares"": 21173, ""future_source_timestamp_at_entry"": 3, ""missing_official_outcome_or_resolution_time"": 11, ""native_ask_bbo_reconciliation_mismatch"": 650, ""no_native_book_snapshot"": 8379, ""no_positive_net_expected_value"": 2494, ""no_priceable_native_ask_side"": 11100}",fee=current_gamma_schedule_0p07_counterfactual|ask_age<=1s|release=60s|exec=price_worse_0p01,execution_sensitivity
free_cash_5pct_cap100,100,current_gamma_schedule_0p07_counterfactual,1,60,price_worse_0p01,100,26.09849959,-73.90150041,-73.90150041,319,49865,1387.440877,51.35968,0.8239482926,2026-04-22T09:56:26+00:00,2026-08-29T14:11:54+00:00,,12.91674982,2,26.09849959,4.349344442,4.440307039,7.412168837,0.4643700363,0.48,2026-04-28,22.74806758,0.2723513302,2026-04-29,-30.40409932,"{""ambiguous_equal_source_timestamp_order"": 4029, ""archive_gap_after_book_initialization"": 8, ""archive_hour_missing_at_entry"": 36, ""ask_source_age_over_1s"": 1982, ""below_minimum_order_shares"": 21173, ""future_source_timestamp_at_entry"": 3, ""missing_official_outcome_or_resolution_time"": 11, ""native_ask_bbo_reconciliation_mismatch"": 650, ""no_native_book_snapshot"": 8379, ""no_positive_net_expected_value"": 2494, ""no_priceable_native_ask_side"": 11100}",fee=current_gamma_schedule_0p07_counterfactual|ask_age<=1s|release=60s|exec=price_worse_0p01,execution_sensitivity
free_cash_5pct_cap_none,,current_gamma_schedule_0p07_counterfactual,1,60,price_worse_0p01,100,26.09849959,-73.90150041,-73.90150041,319,49865,1387.440877,51.35968,0.8239482926,2026-04-22T09:56:26+00:00,2026-08-29T14:11:54+00:00,,12.91674982,2,26.09849959,4.349344442,4.440307039,7.412168837,0.4643700363,0.48,2026-04-28,22.74806758,0.2723513302,2026-04-29,-30.40409932,"{""ambiguous_equal_source_timestamp_order"": 4029, ""archive_gap_after_book_initialization"": 8, ""archive_hour_missing_at_entry"": 36, ""ask_source_age_over_1s"": 1982, ""below_minimum_order_shares"": 21173, ""future_source_timestamp_at_entry"": 3, ""missing_official_outcome_or_resolution_time"": 11, ""native_ask_bbo_reconciliation_mismatch"": 650, ""no_native_book_snapshot"": 8379, ""no_positive_net_expected_value"": 2494, ""no_priceable_native_ask_side"": 11100}",fee=current_gamma_schedule_0p07_counterfactual|ask_age<=1s|release=60s|exec=price_worse_0p01,execution_sensitivity
fixed_5_usd,,current_gamma_schedule_0p07_counterfactual,1,60,price_worse_0p02,100,4.525124864,-95.47487514,-95.47487514,138,50046,690,25.69138,0.9547487514,2026-04-15T17:04:01+00:00,2026-05-01T12:48:32+00:00,,10,2,3.780261775,5,5,5,0.4680844563,0.47,2026-04-22,20.64641557,0.3367226499,2026-04-29,-42.36740375,"{""ambiguous_equal_source_timestamp_order"": 4029, ""archive_gap_after_book_initialization"": 8, ""archive_hour_missing_at_entry"": 36, ""ask_source_age_over_1s"": 1982, ""future_source_timestamp_at_entry"": 3, ""insufficient_free_cash_for_cash_debit"": 1805, ""missing_official_outcome_or_resolution_time"": 11, ""native_ask_bbo_reconciliation_mismatch"": 650, ""no_native_book_snapshot"": 8379, ""no_positive_net_expected_value"": 30469, ""no_priceable_native_ask_side"": 2674}",fee=current_gamma_schedule_0p07_counterfactual|ask_age<=1s|release=60s|exec=price_worse_0p02,execution_sensitivity
free_cash_5pct_cap5,5,current_gamma_schedule_0p07_counterfactual,1,60,price_worse_0p02,100,27.64872369,-72.35127631,-72.35127631,135,50049,439.0408907,16.57143,0.7235127631,2026-04-15T17:04:01+00:00,2026-08-08T21:32:25+00:00,,7.800562179,2,27.14776121,3.252154746,3.333631176,5,0.4520278816,0.47,2026-04-22,14.81591664,0.3844555314,2026-04-29,-20.51791431,"{""ambiguous_equal_source_timestamp_order"": 4029, ""archive_gap_after_book_initialization"": 8, ""archive_hour_missing_at_entry"": 36, ""ask_source_age_over_1s"": 1982, ""below_minimum_order_shares"": 21277, ""future_source_timestamp_at_entry"": 3, ""missing_official_outcome_or_resolution_time"": 11, ""native_ask_bbo_reconciliation_mismatch"": 650, ""no_native_book_snapshot"": 8379, ""no_positive_net_expected_value"": 2110, ""no_priceable_native_ask_side"": 11564}",fee=current_gamma_schedule_0p07_counterfactual|ask_age<=1s|release=60s|exec=price_worse_0p02,execution_sensitivity
free_cash_5pct_cap10,10,current_gamma_schedule_0p07_counterfactual,1,60,price_worse_0p02,100,27.64872369,-72.35127631,-72.35127631,135,50049,439.0408907,16.57143,0.7235127631,2026-04-15T17:04:01+00:00,2026-08-08T21:32:25+00:00,,7.800562179,2,27.14776121,3.252154746,3.333631176,5,0.4520278816,0.47,2026-04-22,14.81591664,0.3844555314,2026-04-29,-20.51791431,"{""ambiguous_equal_source_timestamp_order"": 4029, ""archive_gap_after_book_initialization"": 8, ""archive_hour_missing_at_entry"": 36, ""ask_source_age_over_1s"": 1982, ""below_minimum_order_shares"": 21277, ""future_source_timestamp_at_entry"": 3, ""missing_official_outcome_or_resolution_time"": 11, ""native_ask_bbo_reconciliation_mismatch"": 650, ""no_native_book_snapshot"": 8379, ""no_positive_net_expected_value"": 2110, ""no_priceable_native_ask_side"": 11564}",fee=current_gamma_schedule_0p07_counterfactual|ask_age<=1s|release=60s|exec=price_worse_0p02,execution_sensitivity
free_cash_5pct_cap15,15,current_gamma_schedule_0p07_counterfactual,1,60,price_worse_0p02,100,27.64872369,-72.35127631,-72.35127631,135,50049,439.0408907,16.57143,0.7235127631,2026-04-15T17:04:01+00:00,2026-08-08T21:32:25+00:00,,7.800562179,2,27.14776121,3.252154746,3.333631176,5,0.4520278816,0.47,2026-04-22,14.81591664,0.3844555314,2026-04-29,-20.51791431,"{""ambiguous_equal_source_timestamp_order"": 4029, ""archive_gap_after_book_initialization"": 8, ""archive_hour_missing_at_entry"": 36, ""ask_source_age_over_1s"": 1982, ""below_minimum_order_shares"": 21277, ""future_source_timestamp_at_entry"": 3, ""missing_official_outcome_or_resolution_time"": 11, ""native_ask_bbo_reconciliation_mismatch"": 650, ""no_native_book_snapshot"": 8379, ""no_positive_net_expected_value"": 2110, ""no_priceable_native_ask_side"": 11564}",fee=current_gamma_schedule_0p07_counterfactual|ask_age<=1s|release=60s|exec=price_worse_0p02,execution_sensitivity
free_cash_5pct_cap20,20,current_gamma_schedule_0p07_counterfactual,1,60,price_worse_0p02,100,27.64872369,-72.35127631,-72.35127631,135,50049,439.0408907,16.57143,0.7235127631,2026-04-15T17:04:01+00:00,2026-08-08T21:32:25+00:00,,7.800562179,2,27.14776121,3.252154746,3.333631176,5,0.4520278816,0.47,2026-04-22,14.81591664,0.3844555314,2026-04-29,-20.51791431,"{""ambiguous_equal_source_timestamp_order"": 4029, ""archive_gap_after_book_initialization"": 8, ""archive_hour_missing_at_entry"": 36, ""ask_source_age_over_1s"": 1982, ""below_minimum_order_shares"": 21277, ""future_source_timestamp_at_entry"": 3, ""missing_official_outcome_or_resolution_time"": 11, ""native_ask_bbo_reconciliation_mismatch"": 650, ""no_native_book_snapshot"": 8379, ""no_positive_net_expected_value"": 2110, ""no_priceable_native_ask_side"": 11564}",fee=current_gamma_schedule_0p07_counterfactual|ask_age<=1s|release=60s|exec=price_worse_0p02,execution_sensitivity
free_cash_5pct_cap30,30,current_gamma_schedule_0p07_counterfactual,1,60,price_worse_0p02,100,27.64872369,-72.35127631,-72.35127631,135,50049,439.0408907,16.57143,0.7235127631,2026-04-15T17:04:01+00:00,2026-08-08T21:32:25+00:00,,7.800562179,2,27.14776121,3.252154746,3.333631176,5,0.4520278816,0.47,2026-04-22,14.81591664,0.3844555314,2026-04-29,-20.51791431,"{""ambiguous_equal_source_timestamp_order"": 4029, ""archive_gap_after_book_initialization"": 8, ""archive_hour_missing_at_entry"": 36, ""ask_source_age_over_1s"": 1982, ""below_minimum_order_shares"": 21277, ""future_source_timestamp_at_entry"": 3, ""missing_official_outcome_or_resolution_time"": 11, ""native_ask_bbo_reconciliation_mismatch"": 650, ""no_native_book_snapshot"": 8379, ""no_positive_net_expected_value"": 2110, ""no_priceable_native_ask_side"": 11564}",fee=current_gamma_schedule_0p07_counterfactual|ask_age<=1s|release=60s|exec=price_worse_0p02,execution_sensitivity
free_cash_5pct_cap50,50,current_gamma_schedule_0p07_counterfactual,1,60,price_worse_0p02,100,27.64872369,-72.35127631,-72.35127631,135,50049,439.0408907,16.57143,0.7235127631,2026-04-15T17:04:01+00:00,2026-08-08T21:32:25+00:00,,7.800562179,2,27.14776121,3.252154746,3.333631176,5,0.4520278816,0.47,2026-04-22,14.81591664,0.3844555314,2026-04-29,-20.51791431,"{""ambiguous_equal_source_timestamp_order"": 4029, ""archive_gap_after_book_initialization"": 8, ""archive_hour_missing_at_entry"": 36, ""ask_source_age_over_1s"": 1982, ""below_minimum_order_shares"": 21277, ""future_source_timestamp_at_entry"": 3, ""missing_official_outcome_or_resolution_time"": 11, ""native_ask_bbo_reconciliation_mismatch"": 650, ""no_native_book_snapshot"": 8379, ""no_positive_net_expected_value"": 2110, ""no_priceable_native_ask_side"": 11564}",fee=current_gamma_schedule_0p07_counterfactual|ask_age<=1s|release=60s|exec=price_worse_0p02,execution_sensitivity
free_cash_5pct_cap75,75,current_gamma_schedule_0p07_counterfactual,1,60,price_worse_0p02,100,27.64872369,-72.35127631,-72.35127631,135,50049,439.0408907,16.57143,0.7235127631,2026-04-15T17:04:01+00:00,2026-08-08T21:32:25+00:00,,7.800562179,2,27.14776121,3.252154746,3.333631176,5,0.4520278816,0.47,2026-04-22,14.81591664,0.3844555314,2026-04-29,-20.51791431,"{""ambiguous_equal_source_timestamp_order"": 4029, ""archive_gap_after_book_initialization"": 8, ""archive_hour_missing_at_entry"": 36, ""ask_source_age_over_1s"": 1982, ""below_minimum_order_shares"": 21277, ""future_source_timestamp_at_entry"": 3, ""missing_official_outcome_or_resolution_time"": 11, ""native_ask_bbo_reconciliation_mismatch"": 650, ""no_native_book_snapshot"": 8379, ""no_positive_net_expected_value"": 2110, ""no_priceable_native_ask_side"": 11564}",fee=current_gamma_schedule_0p07_counterfactual|ask_age<=1s|release=60s|exec=price_worse_0p02,execution_sensitivity
free_cash_5pct_cap100,100,current_gamma_schedule_0p07_counterfactual,1,60,price_worse_0p02,100,27.64872369,-72.35127631,-72.35127631,135,50049,439.0408907,16.57143,0.7235127631,2026-04-15T17:04:01+00:00,2026-08-08T21:32:25+00:00,,7.800562179,2,27.14776121,3.252154746,3.333631176,5,0.4520278816,0.47,2026-04-22,14.81591664,0.3844555314,2026-04-29,-20.51791431,"{""ambiguous_equal_source_timestamp_order"": 4029, ""archive_gap_after_book_initialization"": 8, ""archive_hour_missing_at_entry"": 36, ""ask_source_age_over_1s"": 1982, ""below_minimum_order_shares"": 21277, ""future_source_timestamp_at_entry"": 3, ""missing_official_outcome_or_resolution_time"": 11, ""native_ask_bbo_reconciliation_mismatch"": 650, ""no_native_book_snapshot"": 8379, ""no_positive_net_expected_value"": 2110, ""no_priceable_native_ask_side"": 11564}",fee=current_gamma_schedule_0p07_counterfactual|ask_age<=1s|release=60s|exec=price_worse_0p02,execution_sensitivity
free_cash_5pct_cap_none,,current_gamma_schedule_0p07_counterfactual,1,60,price_worse_0p02,100,27.64872369,-72.35127631,-72.35127631,135,50049,439.0408907,16.57143,0.7235127631,2026-04-15T17:04:01+00:00,2026-08-08T21:32:25+00:00,,7.800562179,2,27.14776121,3.252154746,3.333631176,5,0.4520278816,0.47,2026-04-22,14.81591664,0.3844555314,2026-04-29,-20.51791431,"{""ambiguous_equal_source_timestamp_order"": 4029, ""archive_gap_after_book_initialization"": 8, ""archive_hour_missing_at_entry"": 36, ""ask_source_age_over_1s"": 1982, ""below_minimum_order_shares"": 21277, ""future_source_timestamp_at_entry"": 3, ""missing_official_outcome_or_resolution_time"": 11, ""native_ask_bbo_reconciliation_mismatch"": 650, ""no_native_book_snapshot"": 8379, ""no_positive_net_expected_value"": 2110, ""no_priceable_native_ask_side"": 11564}",fee=current_gamma_schedule_0p07_counterfactual|ask_age<=1s|release=60s|exec=price_worse_0p02,execution_sensitivity
fixed_5_usd,,current_gamma_schedule_0p07_counterfactual,1,60,half_depth_full_size_or_skip,100,4.796538434,-95.20346157,-95.20346157,666,49518,3330,122.26267,0.9776587587,2026-04-22T06:26:22+00:00,2026-05-03T19:51:26+00:00,,10,2,0.7225781537,5,5,5,0.4754865561,0.48,2026-04-18,61.90056835,0.3137335785,2026-04-27,-44.90691327,"{""ambiguous_equal_source_timestamp_order"": 4029, ""archive_gap_after_book_initialization"": 8, ""archive_hour_missing_at_entry"": 36, ""ask_source_age_over_1s"": 1982, ""future_source_timestamp_at_entry"": 3, ""insufficient_free_cash_for_cash_debit"": 7060, ""missing_official_outcome_or_resolution_time"": 11, ""native_ask_bbo_reconciliation_mismatch"": 650, ""no_native_book_snapshot"": 8379, ""no_positive_net_expected_value"": 24686, ""no_priceable_native_ask_side"": 2674}",fee=current_gamma_schedule_0p07_counterfactual|ask_age<=1s|release=60s|exec=half_depth_full_size_or_skip,execution_sensitivity
free_cash_5pct_cap5,5,current_gamma_schedule_0p07_counterfactual,1,60,half_depth_full_size_or_skip,100,25.75079387,-74.24920613,-74.24920613,463,49721,2142.690801,78.5918,0.8757468466,2026-04-22T06:26:22+00:00,2026-08-08T21:32:25+00:00,,10,2,25.75079387,4.627841902,5,5,0.4719972902,0.48,2026-04-18,61.21558542,0.4320672128,2026-04-17,-37.07323889,"{""ambiguous_equal_source_timestamp_order"": 4029, ""archive_gap_after_book_initialization"": 8, ""archive_hour_missing_at_entry"": 36, ""ask_source_age_over_1s"": 1982, ""below_minimum_order_shares"": 21285, ""future_source_timestamp_at_entry"": 3, ""missing_official_outcome_or_resolution_time"": 11, ""native_ask_bbo_reconciliation_mismatch"": 650, ""no_native_book_snapshot"": 8379, ""no_positive_net_expected_value"": 1673, ""no_priceable_native_ask_side"": 11665}",fee=current_gamma_schedule_0p07_counterfactual|ask_age<=1s|release=60s|exec=half_depth_full_size_or_skip,execution_sensitivity
free_cash_5pct_cap10,10,current_gamma_schedule_0p07_counterfactual,1,60,half_depth_full_size_or_skip,100,25.58691814,-74.41308186,-74.41308186,428,49756,2319.386236,84.84443,0.873590803,2026-04-22T06:26:22+00:00,2026-08-08T21:32:25+00:00,,19.6031711,2,25.58691814,5.41912672,4.95052589,10,0.4706259883,0.48,2026-04-18,68.41596001,0.4297987377,2026-04-23,-46.91435437,"{""ambiguous_equal_source_timestamp_order"": 4029, ""archive_gap_after_book_initialization"": 8, ""archive_hour_missing_at_entry"": 36, ""ask_source_age_over_1s"": 1982, ""below_minimum_order_shares"": 21307, ""future_source_timestamp_at_entry"": 3, ""missing_official_outcome_or_resolution_time"": 11, ""native_ask_bbo_reconciliation_mismatch"": 650, ""no_native_book_snapshot"": 8379, ""no_positive_net_expected_value"": 1540, ""no_priceable_native_ask_side"": 11811}",fee=current_gamma_schedule_0p07_counterfactual|ask_age<=1s|release=60s|exec=half_depth_full_size_or_skip,execution_sensitivity
free_cash_5pct_cap15,15,current_gamma_schedule_0p07_counterfactual,1,60,half_depth_full_size_or_skip,100,25.57028556,-74.42971444,-74.42971444,428,49756,2318.913281,84.82668,0.8736729743,2026-04-22T06:26:22+00:00,2026-08-08T21:32:25+00:00,,19.71759765,2,25.57028556,5.418021684,4.949139946,10.1206711,0.4706258079,0.48,2026-04-18,68.41596001,0.4298038543,2026-04-23,-46.88379538,"{""ambiguous_equal_source_timestamp_order"": 4029, ""archive_gap_after_book_initialization"": 8, ""archive_hour_missing_at_entry"": 36, ""ask_source_age_over_1s"": 1982, ""below_minimum_order_shares"": 21307, ""future_source_timestamp_at_entry"": 3, ""missing_official_outcome_or_resolution_time"": 11, ""native_ask_bbo_reconciliation_mismatch"": 650, ""no_native_book_snapshot"": 8379, ""no_positive_net_expected_value"": 1540, ""no_priceable_native_ask_side"": 11811}",fee=current_gamma_schedule_0p07_counterfactual|ask_age<=1s|release=60s|exec=half_depth_full_size_or_skip,execution_sensitivity
free_cash_5pct_cap20,20,current_gamma_schedule_0p07_counterfactual,1,60,half_depth_full_size_or_skip,100,25.57028556,-74.42971444,-74.42971444,428,49756,2318.913281,84.82668,0.8736729743,2026-04-22T06:26:22+00:00,2026-08-08T21:32:25+00:00,,19.71759765,2,25.57028556,5.418021684,4.949139946,10.1206711,0.4706258079,0.48,2026-04-18,68.41596001,0.4298038543,2026-04-23,-46.88379538,"{""ambiguous_equal_source_timestamp_order"": 4029, ""archive_gap_after_book_initialization"": 8, ""archive_hour_missing_at_entry"": 36, ""ask_source_age_over_1s"": 1982, ""below_minimum_order_shares"": 21307, ""future_source_timestamp_at_entry"": 3, ""missing_official_outcome_or_resolution_time"": 11, ""native_ask_bbo_reconciliation_mismatch"": 650, ""no_native_book_snapshot"": 8379, ""no_positive_net_expected_value"": 1540, ""no_priceable_native_ask_side"": 11811}",fee=current_gamma_schedule_0p07_counterfactual|ask_age<=1s|release=60s|exec=half_depth_full_size_or_skip,execution_sensitivity
free_cash_5pct_cap30,30,current_gamma_schedule_0p07_counterfactual,1,60,half_depth_full_size_or_skip,100,25.57028556,-74.42971444,-74.42971444,428,49756,2318.913281,84.82668,0.8736729743,2026-04-22T06:26:22+00:00,2026-08-08T21:32:25+00:00,,19.71759765,2,25.57028556,5.418021684,4.949139946,10.1206711,0.4706258079,0.48,2026-04-18,68.41596001,0.4298038543,2026-04-23,-46.88379538,"{""ambiguous_equal_source_timestamp_order"": 4029, ""archive_gap_after_book_initialization"": 8, ""archive_hour_missing_at_entry"": 36, ""ask_source_age_over_1s"": 1982, ""below_minimum_order_shares"": 21307, ""future_source_timestamp_at_entry"": 3, ""missing_official_outcome_or_resolution_time"": 11, ""native_ask_bbo_reconciliation_mismatch"": 650, ""no_native_book_snapshot"": 8379, ""no_positive_net_expected_value"": 1540, ""no_priceable_native_ask_side"": 11811}",fee=current_gamma_schedule_0p07_counterfactual|ask_age<=1s|release=60s|exec=half_depth_full_size_or_skip,execution_sensitivity
free_cash_5pct_cap50,50,current_gamma_schedule_0p07_counterfactual,1,60,half_depth_full_size_or_skip,100,25.57028556,-74.42971444,-74.42971444,428,49756,2318.913281,84.82668,0.8736729743,2026-04-22T06:26:22+00:00,2026-08-08T21:32:25+00:00,,19.71759765,2,25.57028556,5.418021684,4.949139946,10.1206711,0.4706258079,0.48,2026-04-18,68.41596001,0.4298038543,2026-04-23,-46.88379538,"{""ambiguous_equal_source_timestamp_order"": 4029, ""archive_gap_after_book_initialization"": 8, ""archive_hour_missing_at_entry"": 36, ""ask_source_age_over_1s"": 1982, ""below_minimum_order_shares"": 21307, ""future_source_timestamp_at_entry"": 3, ""missing_official_outcome_or_resolution_time"": 11, ""native_ask_bbo_reconciliation_mismatch"": 650, ""no_native_book_snapshot"": 8379, ""no_positive_net_expected_value"": 1540, ""no_priceable_native_ask_side"": 11811}",fee=current_gamma_schedule_0p07_counterfactual|ask_age<=1s|release=60s|exec=half_depth_full_size_or_skip,execution_sensitivity
free_cash_5pct_cap75,75,current_gamma_schedule_0p07_counterfactual,1,60,half_depth_full_size_or_skip,100,25.57028556,-74.42971444,-74.42971444,428,49756,2318.913281,84.82668,0.8736729743,2026-04-22T06:26:22+00:00,2026-08-08T21:32:25+00:00,,19.71759765,2,25.57028556,5.418021684,4.949139946,10.1206711,0.4706258079,0.48,2026-04-18,68.41596001,0.4298038543,2026-04-23,-46.88379538,"{""ambiguous_equal_source_timestamp_order"": 4029, ""archive_gap_after_book_initialization"": 8, ""archive_hour_missing_at_entry"": 36, ""ask_source_age_over_1s"": 1982, ""below_minimum_order_shares"": 21307, ""future_source_timestamp_at_entry"": 3, ""missing_official_outcome_or_resolution_time"": 11, ""native_ask_bbo_reconciliation_mismatch"": 650, ""no_native_book_snapshot"": 8379, ""no_positive_net_expected_value"": 1540, ""no_priceable_native_ask_side"": 11811}",fee=current_gamma_schedule_0p07_counterfactual|ask_age<=1s|release=60s|exec=half_depth_full_size_or_skip,execution_sensitivity
free_cash_5pct_cap100,100,current_gamma_schedule_0p07_counterfactual,1,60,half_depth_full_size_or_skip,100,25.57028556,-74.42971444,-74.42971444,428,49756,2318.913281,84.82668,0.8736729743,2026-04-22T06:26:22+00:00,2026-08-08T21:32:25+00:00,,19.71759765,2,25.57028556,5.418021684,4.949139946,10.1206711,0.4706258079,0.48,2026-04-18,68.41596001,0.4298038543,2026-04-23,-46.88379538,"{""ambiguous_equal_source_timestamp_order"": 4029, ""archive_gap_after_book_initialization"": 8, ""archive_hour_missing_at_entry"": 36, ""ask_source_age_over_1s"": 1982, ""below_minimum_order_shares"": 21307, ""future_source_timestamp_at_entry"": 3, ""missing_official_outcome_or_resolution_time"": 11, ""native_ask_bbo_reconciliation_mismatch"": 650, ""no_native_book_snapshot"": 8379, ""no_positive_net_expected_value"": 1540, ""no_priceable_native_ask_side"": 11811}",fee=current_gamma_schedule_0p07_counterfactual|ask_age<=1s|release=60s|exec=half_depth_full_size_or_skip,execution_sensitivity
free_cash_5pct_cap_none,,current_gamma_schedule_0p07_counterfactual,1,60,half_depth_full_size_or_skip,100,25.57028556,-74.42971444,-74.42971444,428,49756,2318.913281,84.82668,0.8736729743,2026-04-22T06:26:22+00:00,2026-08-08T21:32:25+00:00,,19.71759765,2,25.57028556,5.418021684,4.949139946,10.1206711,0.4706258079,0.48,2026-04-18,68.41596001,0.4298038543,2026-04-23,-46.88379538,"{""ambiguous_equal_source_timestamp_order"": 4029, ""archive_gap_after_book_initialization"": 8, ""archive_hour_missing_at_entry"": 36, ""ask_source_age_over_1s"": 1982, ""below_minimum_order_shares"": 21307, ""future_source_timestamp_at_entry"": 3, ""missing_official_outcome_or_resolution_time"": 11, ""native_ask_bbo_reconciliation_mismatch"": 650, ""no_native_book_snapshot"": 8379, ""no_positive_net_expected_value"": 1540, ""no_priceable_native_ask_side"": 11811}",fee=current_gamma_schedule_0p07_counterfactual|ask_age<=1s|release=60s|exec=half_depth_full_size_or_skip,execution_sensitivity
fixed_5_usd,,current_gamma_schedule_0p07_counterfactual,1,60,no_fill,100,100,0,0,0,50184,0,0,0,,,,0,0,100,,,0,,,,0,,,,"{""ambiguous_equal_source_timestamp_order"": 4029, ""archive_gap_after_book_initialization"": 8, ""archive_hour_missing_at_entry"": 36, ""ask_source_age_over_1s"": 1982, ""future_source_timestamp_at_entry"": 3, ""missing_official_outcome_or_resolution_time"": 11, ""native_ask_bbo_reconciliation_mismatch"": 650, ""no_fill_assumption"": 32412, ""no_native_book_snapshot"": 8379, ""no_priceable_native_ask_side"": 2674}",fee=current_gamma_schedule_0p07_counterfactual|ask_age<=1s|release=60s|exec=no_fill,execution_sensitivity
free_cash_5pct_cap5,5,current_gamma_schedule_0p07_counterfactual,1,60,no_fill,100,100,0,0,0,50184,0,0,0,,,,0,0,100,,,0,,,,0,,,,"{""ambiguous_equal_source_timestamp_order"": 4029, ""archive_gap_after_book_initialization"": 8, ""archive_hour_missing_at_entry"": 36, ""ask_source_age_over_1s"": 1982, ""future_source_timestamp_at_entry"": 3, ""missing_official_outcome_or_resolution_time"": 11, ""native_ask_bbo_reconciliation_mismatch"": 650, ""no_fill_assumption"": 32412, ""no_native_book_snapshot"": 8379, ""no_priceable_native_ask_side"": 2674}",fee=current_gamma_schedule_0p07_counterfactual|ask_age<=1s|release=60s|exec=no_fill,execution_sensitivity
free_cash_5pct_cap10,10,current_gamma_schedule_0p07_counterfactual,1,60,no_fill,100,100,0,0,0,50184,0,0,0,,,,0,0,100,,,0,,,,0,,,,"{""ambiguous_equal_source_timestamp_order"": 4029, ""archive_gap_after_book_initialization"": 8, ""archive_hour_missing_at_entry"": 36, ""ask_source_age_over_1s"": 1982, ""future_source_timestamp_at_entry"": 3, ""missing_official_outcome_or_resolution_time"": 11, ""native_ask_bbo_reconciliation_mismatch"": 650, ""no_fill_assumption"": 32412, ""no_native_book_snapshot"": 8379, ""no_priceable_native_ask_side"": 2674}",fee=current_gamma_schedule_0p07_counterfactual|ask_age<=1s|release=60s|exec=no_fill,execution_sensitivity
free_cash_5pct_cap15,15,current_gamma_schedule_0p07_counterfactual,1,60,no_fill,100,100,0,0,0,50184,0,0,0,,,,0,0,100,,,0,,,,0,,,,"{""ambiguous_equal_source_timestamp_order"": 4029, ""archive_gap_after_book_initialization"": 8, ""archive_hour_missing_at_entry"": 36, ""ask_source_age_over_1s"": 1982, ""future_source_timestamp_at_entry"": 3, ""missing_official_outcome_or_resolution_time"": 11, ""native_ask_bbo_reconciliation_mismatch"": 650, ""no_fill_assumption"": 32412, ""no_native_book_snapshot"": 8379, ""no_priceable_native_ask_side"": 2674}",fee=current_gamma_schedule_0p07_counterfactual|ask_age<=1s|release=60s|exec=no_fill,execution_sensitivity
free_cash_5pct_cap20,20,current_gamma_schedule_0p07_counterfactual,1,60,no_fill,100,100,0,0,0,50184,0,0,0,,,,0,0,100,,,0,,,,0,,,,"{""ambiguous_equal_source_timestamp_order"": 4029, ""archive_gap_after_book_initialization"": 8, ""archive_hour_missing_at_entry"": 36, ""ask_source_age_over_1s"": 1982, ""future_source_timestamp_at_entry"": 3, ""missing_official_outcome_or_resolution_time"": 11, ""native_ask_bbo_reconciliation_mismatch"": 650, ""no_fill_assumption"": 32412, ""no_native_book_snapshot"": 8379, ""no_priceable_native_ask_side"": 2674}",fee=current_gamma_schedule_0p07_counterfactual|ask_age<=1s|release=60s|exec=no_fill,execution_sensitivity
free_cash_5pct_cap30,30,current_gamma_schedule_0p07_counterfactual,1,60,no_fill,100,100,0,0,0,50184,0,0,0,,,,0,0,100,,,0,,,,0,,,,"{""ambiguous_equal_source_timestamp_order"": 4029, ""archive_gap_after_book_initialization"": 8, ""archive_hour_missing_at_entry"": 36, ""ask_source_age_over_1s"": 1982, ""future_source_timestamp_at_entry"": 3, ""missing_official_outcome_or_resolution_time"": 11, ""native_ask_bbo_reconciliation_mismatch"": 650, ""no_fill_assumption"": 32412, ""no_native_book_snapshot"": 8379, ""no_priceable_native_ask_side"": 2674}",fee=current_gamma_schedule_0p07_counterfactual|ask_age<=1s|release=60s|exec=no_fill,execution_sensitivity
free_cash_5pct_cap50,50,current_gamma_schedule_0p07_counterfactual,1,60,no_fill,100,100,0,0,0,50184,0,0,0,,,,0,0,100,,,0,,,,0,,,,"{""ambiguous_equal_source_timestamp_order"": 4029, ""archive_gap_after_book_initialization"": 8, ""archive_hour_missing_at_entry"": 36, ""ask_source_age_over_1s"": 1982, ""future_source_timestamp_at_entry"": 3, ""missing_official_outcome_or_resolution_time"": 11, ""native_ask_bbo_reconciliation_mismatch"": 650, ""no_fill_assumption"": 32412, ""no_native_book_snapshot"": 8379, ""no_priceable_native_ask_side"": 2674}",fee=current_gamma_schedule_0p07_counterfactual|ask_age<=1s|release=60s|exec=no_fill,execution_sensitivity
free_cash_5pct_cap75,75,current_gamma_schedule_0p07_counterfactual,1,60,no_fill,100,100,0,0,0,50184,0,0,0,,,,0,0,100,,,0,,,,0,,,,"{""ambiguous_equal_source_timestamp_order"": 4029, ""archive_gap_after_book_initialization"": 8, ""archive_hour_missing_at_entry"": 36, ""ask_source_age_over_1s"": 1982, ""future_source_timestamp_at_entry"": 3, ""missing_official_outcome_or_resolution_time"": 11, ""native_ask_bbo_reconciliation_mismatch"": 650, ""no_fill_assumption"": 32412, ""no_native_book_snapshot"": 8379, ""no_priceable_native_ask_side"": 2674}",fee=current_gamma_schedule_0p07_counterfactual|ask_age<=1s|release=60s|exec=no_fill,execution_sensitivity
free_cash_5pct_cap100,100,current_gamma_schedule_0p07_counterfactual,1,60,no_fill,100,100,0,0,0,50184,0,0,0,,,,0,0,100,,,0,,,,0,,,,"{""ambiguous_equal_source_timestamp_order"": 4029, ""archive_gap_after_book_initialization"": 8, ""archive_hour_missing_at_entry"": 36, ""ask_source_age_over_1s"": 1982, ""future_source_timestamp_at_entry"": 3, ""missing_official_outcome_or_resolution_time"": 11, ""native_ask_bbo_reconciliation_mismatch"": 650, ""no_fill_assumption"": 32412, ""no_native_book_snapshot"": 8379, ""no_priceable_native_ask_side"": 2674}",fee=current_gamma_schedule_0p07_counterfactual|ask_age<=1s|release=60s|exec=no_fill,execution_sensitivity
free_cash_5pct_cap_none,,current_gamma_schedule_0p07_counterfactual,1,60,no_fill,100,100,0,0,0,50184,0,0,0,,,,0,0,100,,,0,,,,0,,,,"{""ambiguous_equal_source_timestamp_order"": 4029, ""archive_gap_after_book_initialization"": 8, ""archive_hour_missing_at_entry"": 36, ""ask_source_age_over_1s"": 1982, ""future_source_timestamp_at_entry"": 3, ""missing_official_outcome_or_resolution_time"": 11, ""native_ask_bbo_reconciliation_mismatch"": 650, ""no_fill_assumption"": 32412, ""no_native_book_snapshot"": 8379, ""no_priceable_native_ask_side"": 2674}",fee=current_gamma_schedule_0p07_counterfactual|ask_age<=1s|release=60s|exec=no_fill,execution_sensitivity
fixed_5_usd,,current_gamma_schedule_0p07_counterfactual,1,60,fak_two_ticks_if_tick_0p001,100,0.5598882204,-99.44011178,-99.44011178,433,49751,2165,79.086,0.9967447907,2026-04-21T06:16:26+00:00,2026-04-27T19:51:52+00:00,,10,2,0.5598882204,5,5,5,0.4781524249,0.49,2026-04-18,61.90021835,0.4584605212,2026-04-17,-40.66154226,"{""ambiguous_equal_source_timestamp_order"": 4029, ""archive_gap_after_book_initialization"": 8, ""archive_hour_missing_at_entry"": 36, ""ask_source_age_over_1s"": 1982, ""future_source_timestamp_at_entry"": 3, ""insufficient_depth_for_requested_amount"": 1185, ""insufficient_free_cash_for_cash_debit"": 7098, ""missing_official_outcome_or_resolution_time"": 11, ""native_ask_bbo_reconciliation_mismatch"": 650, ""no_native_book_snapshot"": 8379, ""no_positive_net_expected_value"": 23696, ""no_priceable_native_ask_side"": 2674}",fee=current_gamma_schedule_0p07_counterfactual|ask_age<=1s|release=60s|exec=fak_two_ticks_if_tick_0p001,execution_sensitivity
free_cash_5pct_cap5,5,current_gamma_schedule_0p07_counterfactual,1,60,fak_two_ticks_if_tick_0p001,100,24.98597635,-75.01402365,-75.01402365,373,49811,1621.28614,59.32933,0.8459044271,2026-04-21T06:16:26+00:00,2026-08-29T14:11:54+00:00,,10,2,24.98597635,4.346611636,5,5,0.4713404826,0.49,2026-04-18,57.9792384,0.4707663273,2026-04-17,-40.1105429,"{""ambiguous_equal_source_timestamp_order"": 4029, ""archive_gap_after_book_initialization"": 8, ""archive_hour_missing_at_entry"": 36, ""ask_source_age_over_1s"": 1982, ""below_minimum_order_shares"": 21209, ""future_source_timestamp_at_entry"": 3, ""insufficient_depth_for_requested_amount"": 185, ""missing_official_outcome_or_resolution_time"": 11, ""native_ask_bbo_reconciliation_mismatch"": 650, ""no_native_book_snapshot"": 8379, ""no_positive_net_expected_value"": 1421, ""no_priceable_native_ask_side"": 11898}",fee=current_gamma_schedule_0p07_counterfactual|ask_age<=1s|release=60s|exec=fak_two_ticks_if_tick_0p001,execution_sensitivity
free_cash_5pct_cap10,10,current_gamma_schedule_0p07_counterfactual,1,60,fak_two_ticks_if_tick_0p001,100,25.34572365,-74.65427635,-74.65427635,333,49851,1635.822445,59.79364,0.8392800755,2026-04-20T16:11:18+00:00,2026-08-29T14:11:54+00:00,,15.32906767,2,25.34572365,4.912379714,4.859127813,7.88505959,0.4704804805,0.49,2026-04-18,59.4270067,0.4694290844,2026-04-17,-42.17432996,"{""ambiguous_equal_source_timestamp_order"": 4029, ""archive_gap_after_book_initialization"": 8, ""archive_hour_missing_at_entry"": 36, ""ask_source_age_over_1s"": 1982, ""below_minimum_order_shares"": 21232, ""future_source_timestamp_at_entry"": 3, ""insufficient_depth_for_requested_amount"": 191, ""missing_official_outcome_or_resolution_time"": 11, ""native_ask_bbo_reconciliation_mismatch"": 650, ""no_native_book_snapshot"": 8379, ""no_positive_net_expected_value"": 1360, ""no_priceable_native_ask_side"": 11970}",fee=current_gamma_schedule_0p07_counterfactual|ask_age<=1s|release=60s|exec=fak_two_ticks_if_tick_0p001,execution_sensitivity
free_cash_5pct_cap15,15,current_gamma_schedule_0p07_counterfactual,1,60,fak_two_ticks_if_tick_0p001,100,25.34572365,-74.65427635,-74.65427635,333,49851,1635.822445,59.79364,0.8392800755,2026-04-20T16:11:18+00:00,2026-08-29T14:11:54+00:00,,15.32906767,2,25.34572365,4.912379714,4.859127813,7.88505959,0.4704804805,0.49,2026-04-18,59.4270067,0.4694290844,2026-04-17,-42.17432996,"{""ambiguous_equal_source_timestamp_order"": 4029, ""archive_gap_after_book_initialization"": 8, ""archive_hour_missing_at_entry"": 36, ""ask_source_age_over_1s"": 1982, ""below_minimum_order_shares"": 21232, ""future_source_timestamp_at_entry"": 3, ""insufficient_depth_for_requested_amount"": 191, ""missing_official_outcome_or_resolution_time"": 11, ""native_ask_bbo_reconciliation_mismatch"": 650, ""no_native_book_snapshot"": 8379, ""no_positive_net_expected_value"": 1360, ""no_priceable_native_ask_side"": 11970}",fee=current_gamma_schedule_0p07_counterfactual|ask_age<=1s|release=60s|exec=fak_two_ticks_if_tick_0p001,execution_sensitivity
free_cash_5pct_cap20,20,current_gamma_schedule_0p07_counterfactual,1,60,fak_two_ticks_if_tick_0p001,100,25.34572365,-74.65427635,-74.65427635,333,49851,1635.822445,59.79364,0.8392800755,2026-04-20T16:11:18+00:00,2026-08-29T14:11:54+00:00,,15.32906767,2,25.34572365,4.912379714,4.859127813,7.88505959,0.4704804805,0.49,2026-04-18,59.4270067,0.4694290844,2026-04-17,-42.17432996,"{""ambiguous_equal_source_timestamp_order"": 4029, ""archive_gap_after_book_initialization"": 8, ""archive_hour_missing_at_entry"": 36, ""ask_source_age_over_1s"": 1982, ""below_minimum_order_shares"": 21232, ""future_source_timestamp_at_entry"": 3, ""insufficient_depth_for_requested_amount"": 191, ""missing_official_outcome_or_resolution_time"": 11, ""native_ask_bbo_reconciliation_mismatch"": 650, ""no_native_book_snapshot"": 8379, ""no_positive_net_expected_value"": 1360, ""no_priceable_native_ask_side"": 11970}",fee=current_gamma_schedule_0p07_counterfactual|ask_age<=1s|release=60s|exec=fak_two_ticks_if_tick_0p001,execution_sensitivity
free_cash_5pct_cap30,30,current_gamma_schedule_0p07_counterfactual,1,60,fak_two_ticks_if_tick_0p001,100,25.34572365,-74.65427635,-74.65427635,333,49851,1635.822445,59.79364,0.8392800755,2026-04-20T16:11:18+00:00,2026-08-29T14:11:54+00:00,,15.32906767,2,25.34572365,4.912379714,4.859127813,7.88505959,0.4704804805,0.49,2026-04-18,59.4270067,0.4694290844,2026-04-17,-42.17432996,"{""ambiguous_equal_source_timestamp_order"": 4029, ""archive_gap_after_book_initialization"": 8, ""archive_hour_missing_at_entry"": 36, ""ask_source_age_over_1s"": 1982, ""below_minimum_order_shares"": 21232, ""future_source_timestamp_at_entry"": 3, ""insufficient_depth_for_requested_amount"": 191, ""missing_official_outcome_or_resolution_time"": 11, ""native_ask_bbo_reconciliation_mismatch"": 650, ""no_native_book_snapshot"": 8379, ""no_positive_net_expected_value"": 1360, ""no_priceable_native_ask_side"": 11970}",fee=current_gamma_schedule_0p07_counterfactual|ask_age<=1s|release=60s|exec=fak_two_ticks_if_tick_0p001,execution_sensitivity
free_cash_5pct_cap50,50,current_gamma_schedule_0p07_counterfactual,1,60,fak_two_ticks_if_tick_0p001,100,25.34572365,-74.65427635,-74.65427635,333,49851,1635.822445,59.79364,0.8392800755,2026-04-20T16:11:18+00:00,2026-08-29T14:11:54+00:00,,15.32906767,2,25.34572365,4.912379714,4.859127813,7.88505959,0.4704804805,0.49,2026-04-18,59.4270067,0.4694290844,2026-04-17,-42.17432996,"{""ambiguous_equal_source_timestamp_order"": 4029, ""archive_gap_after_book_initialization"": 8, ""archive_hour_missing_at_entry"": 36, ""ask_source_age_over_1s"": 1982, ""below_minimum_order_shares"": 21232, ""future_source_timestamp_at_entry"": 3, ""insufficient_depth_for_requested_amount"": 191, ""missing_official_outcome_or_resolution_time"": 11, ""native_ask_bbo_reconciliation_mismatch"": 650, ""no_native_book_snapshot"": 8379, ""no_positive_net_expected_value"": 1360, ""no_priceable_native_ask_side"": 11970}",fee=current_gamma_schedule_0p07_counterfactual|ask_age<=1s|release=60s|exec=fak_two_ticks_if_tick_0p001,execution_sensitivity
free_cash_5pct_cap75,75,current_gamma_schedule_0p07_counterfactual,1,60,fak_two_ticks_if_tick_0p001,100,25.34572365,-74.65427635,-74.65427635,333,49851,1635.822445,59.79364,0.8392800755,2026-04-20T16:11:18+00:00,2026-08-29T14:11:54+00:00,,15.32906767,2,25.34572365,4.912379714,4.859127813,7.88505959,0.4704804805,0.49,2026-04-18,59.4270067,0.4694290844,2026-04-17,-42.17432996,"{""ambiguous_equal_source_timestamp_order"": 4029, ""archive_gap_after_book_initialization"": 8, ""archive_hour_missing_at_entry"": 36, ""ask_source_age_over_1s"": 1982, ""below_minimum_order_shares"": 21232, ""future_source_timestamp_at_entry"": 3, ""insufficient_depth_for_requested_amount"": 191, ""missing_official_outcome_or_resolution_time"": 11, ""native_ask_bbo_reconciliation_mismatch"": 650, ""no_native_book_snapshot"": 8379, ""no_positive_net_expected_value"": 1360, ""no_priceable_native_ask_side"": 11970}",fee=current_gamma_schedule_0p07_counterfactual|ask_age<=1s|release=60s|exec=fak_two_ticks_if_tick_0p001,execution_sensitivity
free_cash_5pct_cap100,100,current_gamma_schedule_0p07_counterfactual,1,60,fak_two_ticks_if_tick_0p001,100,25.34572365,-74.65427635,-74.65427635,333,49851,1635.822445,59.79364,0.8392800755,2026-04-20T16:11:18+00:00,2026-08-29T14:11:54+00:00,,15.32906767,2,25.34572365,4.912379714,4.859127813,7.88505959,0.4704804805,0.49,2026-04-18,59.4270067,0.4694290844,2026-04-17,-42.17432996,"{""ambiguous_equal_source_timestamp_order"": 4029, ""archive_gap_after_book_initialization"": 8, ""archive_hour_missing_at_entry"": 36, ""ask_source_age_over_1s"": 1982, ""below_minimum_order_shares"": 21232, ""future_source_timestamp_at_entry"": 3, ""insufficient_depth_for_requested_amount"": 191, ""missing_official_outcome_or_resolution_time"": 11, ""native_ask_bbo_reconciliation_mismatch"": 650, ""no_native_book_snapshot"": 8379, ""no_positive_net_expected_value"": 1360, ""no_priceable_native_ask_side"": 11970}",fee=current_gamma_schedule_0p07_counterfactual|ask_age<=1s|release=60s|exec=fak_two_ticks_if_tick_0p001,execution_sensitivity
free_cash_5pct_cap_none,,current_gamma_schedule_0p07_counterfactual,1,60,fak_two_ticks_if_tick_0p001,100,25.34572365,-74.65427635,-74.65427635,333,49851,1635.822445,59.79364,0.8392800755,2026-04-20T16:11:18+00:00,2026-08-29T14:11:54+00:00,,15.32906767,2,25.34572365,4.912379714,4.859127813,7.88505959,0.4704804805,0.49,2026-04-18,59.4270067,0.4694290844,2026-04-17,-42.17432996,"{""ambiguous_equal_source_timestamp_order"": 4029, ""archive_gap_after_book_initialization"": 8, ""archive_hour_missing_at_entry"": 36, ""ask_source_age_over_1s"": 1982, ""below_minimum_order_shares"": 21232, ""future_source_timestamp_at_entry"": 3, ""insufficient_depth_for_requested_amount"": 191, ""missing_official_outcome_or_resolution_time"": 11, ""native_ask_bbo_reconciliation_mismatch"": 650, ""no_native_book_snapshot"": 8379, ""no_positive_net_expected_value"": 1360, ""no_priceable_native_ask_side"": 11970}",fee=current_gamma_schedule_0p07_counterfactual|ask_age<=1s|release=60s|exec=fak_two_ticks_if_tick_0p001,execution_sensitivity
fixed_5_usd,,current_gamma_schedule_0p07_counterfactual,1,60,fak_two_ticks_if_tick_0p01,100,5.154334916,-94.84566508,-94.84566508,584,49600,2920,106.91352,0.9748718015,2026-04-22T06:26:22+00:00,2026-05-01T16:06:42+00:00,,10,2,2.841637528,5,5,5,0.4769378978,0.48,2026-04-18,61.90021835,0.3289489868,2026-04-27,-44.90826327,"{""ambiguous_equal_source_timestamp_order"": 4029, ""archive_gap_after_book_initialization"": 8, ""archive_hour_missing_at_entry"": 36, ""ask_source_age_over_1s"": 1982, ""future_source_timestamp_at_entry"": 3, ""insufficient_depth_for_requested_amount"": 32, ""insufficient_free_cash_for_cash_debit"": 7228, ""missing_official_outcome_or_resolution_time"": 11, ""native_ask_bbo_reconciliation_mismatch"": 650, ""no_native_book_snapshot"": 8379, ""no_positive_net_expected_value"": 24568, ""no_priceable_native_ask_side"": 2674}",fee=current_gamma_schedule_0p07_counterfactual|ask_age<=1s|release=60s|exec=fak_two_ticks_if_tick_0p01,execution_sensitivity
free_cash_5pct_cap5,5,current_gamma_schedule_0p07_counterfactual,1,60,fak_two_ticks_if_tick_0p01,100,25.74003745,-74.25996255,-74.25996255,457,49727,2085.419279,76.48281,0.8698257081,2026-04-22T06:26:22+00:00,2026-08-08T21:32:25+00:00,,10,2,25.74003745,4.563280698,5,5,0.4718981589,0.48,2026-04-18,61.25791808,0.4471711348,2026-04-17,-37.03734001,"{""ambiguous_equal_source_timestamp_order"": 4029, ""archive_gap_after_book_initialization"": 8, ""archive_hour_missing_at_entry"": 36, ""ask_source_age_over_1s"": 1982, ""below_minimum_order_shares"": 21286, ""future_source_timestamp_at_entry"": 3, ""insufficient_depth_for_requested_amount"": 3, ""missing_official_outcome_or_resolution_time"": 11, ""native_ask_bbo_reconciliation_mismatch"": 650, ""no_native_book_snapshot"": 8379, ""no_positive_net_expected_value"": 1634, ""no_priceable_native_ask_side"": 11706}",fee=current_gamma_schedule_0p07_counterfactual|ask_age<=1s|release=60s|exec=fak_two_ticks_if_tick_0p01,execution_sensitivity
free_cash_5pct_cap10,10,current_gamma_schedule_0p07_counterfactual,1,60,fak_two_ticks_if_tick_0p01,100,25.00732653,-74.99267347,-74.99267347,433,49751,2490.943064,91.09349,0.8878302698,2026-04-22T06:26:22+00:00,2026-08-29T14:11:54+00:00,,20,2,25.00732653,5.752755344,5.124316902,10,0.4705840412,0.48,2026-04-18,68.57204909,0.4475264395,2026-04-23,-52.55811214,"{""ambiguous_equal_source_timestamp_order"": 4029, ""archive_gap_after_book_initialization"": 8, ""archive_hour_missing_at_entry"": 36, ""ask_source_age_over_1s"": 1982, ""below_minimum_order_shares"": 21302, ""future_source_timestamp_at_entry"": 3, ""insufficient_depth_for_requested_amount"": 3, ""missing_official_outcome_or_resolution_time"": 11, ""native_ask_bbo_reconciliation_mismatch"": 650, ""no_native_book_snapshot"": 8379, ""no_positive_net_expected_value"": 1567, ""no_priceable_native_ask_side"": 11781}",fee=current_gamma_schedule_0p07_counterfactual|ask_age<=1s|release=60s|exec=fak_two_ticks_if_tick_0p01,execution_sensitivity
free_cash_5pct_cap15,15,current_gamma_schedule_0p07_counterfactual,1,60,fak_two_ticks_if_tick_0p01,100,24.73422384,-75.26577616,-75.26577616,417,49767,2434.697097,89.02275,0.8886257059,2026-04-22T06:26:22+00:00,2026-08-29T14:11:54+00:00,,21.63356113,2,24.73422384,5.838602151,5.3376609,11.10409904,0.4705116023,0.48,2026-04-18,68.57204909,0.4558940697,2026-04-23,-51.4554949,"{""ambiguous_equal_source_timestamp_order"": 4029, ""archive_gap_after_book_initialization"": 8, ""archive_hour_missing_at_entry"": 36, ""ask_source_age_over_1s"": 1982, ""below_minimum_order_shares"": 21311, ""future_source_timestamp_at_entry"": 3, ""insufficient_depth_for_requested_amount"": 3, ""missing_official_outcome_or_resolution_time"": 11, ""native_ask_bbo_reconciliation_mismatch"": 650, ""no_native_book_snapshot"": 8379, ""no_positive_net_expected_value"": 1521, ""no_priceable_native_ask_side"": 11834}",fee=current_gamma_schedule_0p07_counterfactual|ask_age<=1s|release=60s|exec=fak_two_ticks_if_tick_0p01,execution_sensitivity
free_cash_5pct_cap20,20,current_gamma_schedule_0p07_counterfactual,1,60,fak_two_ticks_if_tick_0p01,100,24.73422384,-75.26577616,-75.26577616,417,49767,2434.697097,89.02275,0.8886257059,2026-04-22T06:26:22+00:00,2026-08-29T14:11:54+00:00,,21.63356113,2,24.73422384,5.838602151,5.3376609,11.10409904,0.4705116023,0.48,2026-04-18,68.57204909,0.4558940697,2026-04-23,-51.4554949,"{""ambiguous_equal_source_timestamp_order"": 4029, ""archive_gap_after_book_initialization"": 8, ""archive_hour_missing_at_entry"": 36, ""ask_source_age_over_1s"": 1982, ""below_minimum_order_shares"": 21311, ""future_source_timestamp_at_entry"": 3, ""insufficient_depth_for_requested_amount"": 3, ""missing_official_outcome_or_resolution_time"": 11, ""native_ask_bbo_reconciliation_mismatch"": 650, ""no_native_book_snapshot"": 8379, ""no_positive_net_expected_value"": 1521, ""no_priceable_native_ask_side"": 11834}",fee=current_gamma_schedule_0p07_counterfactual|ask_age<=1s|release=60s|exec=fak_two_ticks_if_tick_0p01,execution_sensitivity
free_cash_5pct_cap30,30,current_gamma_schedule_0p07_counterfactual,1,60,fak_two_ticks_if_tick_0p01,100,24.73422384,-75.26577616,-75.26577616,417,49767,2434.697097,89.02275,0.8886257059,2026-04-22T06:26:22+00:00,2026-08-29T14:11:54+00:00,,21.63356113,2,24.73422384,5.838602151,5.3376609,11.10409904,0.4705116023,0.48,2026-04-18,68.57204909,0.4558940697,2026-04-23,-51.4554949,"{""ambiguous_equal_source_timestamp_order"": 4029, ""archive_gap_after_book_initialization"": 8, ""archive_hour_missing_at_entry"": 36, ""ask_source_age_over_1s"": 1982, ""below_minimum_order_shares"": 21311, ""future_source_timestamp_at_entry"": 3, ""insufficient_depth_for_requested_amount"": 3, ""missing_official_outcome_or_resolution_time"": 11, ""native_ask_bbo_reconciliation_mismatch"": 650, ""no_native_book_snapshot"": 8379, ""no_positive_net_expected_value"": 1521, ""no_priceable_native_ask_side"": 11834}",fee=current_gamma_schedule_0p07_counterfactual|ask_age<=1s|release=60s|exec=fak_two_ticks_if_tick_0p01,execution_sensitivity
free_cash_5pct_cap50,50,current_gamma_schedule_0p07_counterfactual,1,60,fak_two_ticks_if_tick_0p01,100,24.73422384,-75.26577616,-75.26577616,417,49767,2434.697097,89.02275,0.8886257059,2026-04-22T06:26:22+00:00,2026-08-29T14:11:54+00:00,,21.63356113,2,24.73422384,5.838602151,5.3376609,11.10409904,0.4705116023,0.48,2026-04-18,68.57204909,0.4558940697,2026-04-23,-51.4554949,"{""ambiguous_equal_source_timestamp_order"": 4029, ""archive_gap_after_book_initialization"": 8, ""archive_hour_missing_at_entry"": 36, ""ask_source_age_over_1s"": 1982, ""below_minimum_order_shares"": 21311, ""future_source_timestamp_at_entry"": 3, ""insufficient_depth_for_requested_amount"": 3, ""missing_official_outcome_or_resolution_time"": 11, ""native_ask_bbo_reconciliation_mismatch"": 650, ""no_native_book_snapshot"": 8379, ""no_positive_net_expected_value"": 1521, ""no_priceable_native_ask_side"": 11834}",fee=current_gamma_schedule_0p07_counterfactual|ask_age<=1s|release=60s|exec=fak_two_ticks_if_tick_0p01,execution_sensitivity
free_cash_5pct_cap75,75,current_gamma_schedule_0p07_counterfactual,1,60,fak_two_ticks_if_tick_0p01,100,24.73422384,-75.26577616,-75.26577616,417,49767,2434.697097,89.02275,0.8886257059,2026-04-22T06:26:22+00:00,2026-08-29T14:11:54+00:00,,21.63356113,2,24.73422384,5.838602151,5.3376609,11.10409904,0.4705116023,0.48,2026-04-18,68.57204909,0.4558940697,2026-04-23,-51.4554949,"{""ambiguous_equal_source_timestamp_order"": 4029, ""archive_gap_after_book_initialization"": 8, ""archive_hour_missing_at_entry"": 36, ""ask_source_age_over_1s"": 1982, ""below_minimum_order_shares"": 21311, ""future_source_timestamp_at_entry"": 3, ""insufficient_depth_for_requested_amount"": 3, ""missing_official_outcome_or_resolution_time"": 11, ""native_ask_bbo_reconciliation_mismatch"": 650, ""no_native_book_snapshot"": 8379, ""no_positive_net_expected_value"": 1521, ""no_priceable_native_ask_side"": 11834}",fee=current_gamma_schedule_0p07_counterfactual|ask_age<=1s|release=60s|exec=fak_two_ticks_if_tick_0p01,execution_sensitivity
free_cash_5pct_cap100,100,current_gamma_schedule_0p07_counterfactual,1,60,fak_two_ticks_if_tick_0p01,100,24.73422384,-75.26577616,-75.26577616,417,49767,2434.697097,89.02275,0.8886257059,2026-04-22T06:26:22+00:00,2026-08-29T14:11:54+00:00,,21.63356113,2,24.73422384,5.838602151,5.3376609,11.10409904,0.4705116023,0.48,2026-04-18,68.57204909,0.4558940697,2026-04-23,-51.4554949,"{""ambiguous_equal_source_timestamp_order"": 4029, ""archive_gap_after_book_initialization"": 8, ""archive_hour_missing_at_entry"": 36, ""ask_source_age_over_1s"": 1982, ""below_minimum_order_shares"": 21311, ""future_source_timestamp_at_entry"": 3, ""insufficient_depth_for_requested_amount"": 3, ""missing_official_outcome_or_resolution_time"": 11, ""native_ask_bbo_reconciliation_mismatch"": 650, ""no_native_book_snapshot"": 8379, ""no_positive_net_expected_value"": 1521, ""no_priceable_native_ask_side"": 11834}",fee=current_gamma_schedule_0p07_counterfactual|ask_age<=1s|release=60s|exec=fak_two_ticks_if_tick_0p01,execution_sensitivity
free_cash_5pct_cap_none,,current_gamma_schedule_0p07_counterfactual,1,60,fak_two_ticks_if_tick_0p01,100,24.73422384,-75.26577616,-75.26577616,417,49767,2434.697097,89.02275,0.8886257059,2026-04-22T06:26:22+00:00,2026-08-29T14:11:54+00:00,,21.63356113,2,24.73422384,5.838602151,5.3376609,11.10409904,0.4705116023,0.48,2026-04-18,68.57204909,0.4558940697,2026-04-23,-51.4554949,"{""ambiguous_equal_source_timestamp_order"": 4029, ""archive_gap_after_book_initialization"": 8, ""archive_hour_missing_at_entry"": 36, ""ask_source_age_over_1s"": 1982, ""below_minimum_order_shares"": 21311, ""future_source_timestamp_at_entry"": 3, ""insufficient_depth_for_requested_amount"": 3, ""missing_official_outcome_or_resolution_time"": 11, ""native_ask_bbo_reconciliation_mismatch"": 650, ""no_native_book_snapshot"": 8379, ""no_positive_net_expected_value"": 1521, ""no_priceable_native_ask_side"": 11834}",fee=current_gamma_schedule_0p07_counterfactual|ask_age<=1s|release=60s|exec=fak_two_ticks_if_tick_0p01,execution_sensitivity
